,MSOA,Crime type,p,q,aic
0,1,Anti-social behaviour,3,2,1297.0961607870738
1,1,Bicycle theft,2,3,878.4444564714811
2,1,Burglary,2,1,1002.0684173138196
3,1,Criminal damage and arson,2,2,1040.3531750297032
4,1,Drugs,1,1,852.4031739392414
5,1,Other crime,2,2,936.8126124159069
6,1,Other theft,2,3,1007.2585312594365
7,1,Possession of weapons,2,1,656.5588504994319
8,1,Public order,3,1,956.7474518112617
9,1,Robbery,1,2,732.8647222180795
10,1,Shoplifting,1,1,932.0204665670301
11,1,Theft from the person,1,1,831.8417183793895
12,1,Vehicle crime,3,3,983.9255480171347
13,1,Violence and sexual offences,2,2,1155.7698934862385
14,2,Anti-social behaviour,3,2,1304.7566105817587
15,2,Bicycle theft,1,2,891.994728838099
16,2,Burglary,1,1,1009.1700936320235
17,2,Criminal damage and arson,3,3,1017.793505846042
18,2,Drugs,3,3,905.8042713414904
19,2,Other crime,1,2,934.6340396935254
20,2,Other theft,1,3,1038.5581676790348
21,2,Possession of weapons,2,3,663.0722483288089
22,2,Public order,1,2,970.3930369864198
23,2,Robbery,2,3,733.3257056957349
24,2,Shoplifting,2,3,917.1387025028077
25,2,Theft from the person,2,2,817.4086540922339
26,2,Vehicle crime,1,2,978.2117421282219
27,2,Violence and sexual offences,2,2,1162.1485091311872
28,3,Anti-social behaviour,3,2,1317.0837726531595
29,3,Bicycle theft,3,2,895.9143024658757
30,3,Burglary,1,1,1026.2144384308133
31,3,Criminal damage and arson,1,1,1027.549343836457
32,3,Drugs,3,2,897.6217052155997
33,3,Other crime,1,1,994.8252629113606
34,3,Other theft,1,3,1033.7187295555964
35,3,Possession of weapons,2,2,675.361339722475
36,3,Public order,3,2,967.1825836595517
37,3,Robbery,1,1,725.4639477950882
38,3,Shoplifting,2,3,943.9699207937051
39,3,Theft from the person,3,3,826.7385523403782
40,3,Vehicle crime,1,2,966.0811499130817
41,3,Violence and sexual offences,1,1,1154.3608312980793
42,4,Anti-social behaviour,3,2,1335.3762934252215
43,4,Bicycle theft,1,3,924.198873262013
44,4,Burglary,3,3,997.5069101106542
45,4,Criminal damage and arson,3,3,1025.7586878231155
46,4,Drugs,2,3,884.5090028630441
47,4,Other crime,2,2,994.1215363068126
48,4,Other theft,2,2,1062.9059451910327
49,4,Possession of weapons,2,1,702.9100702978071
50,4,Public order,3,2,982.3665804916485
51,4,Robbery,1,1,741.2261322736473
52,4,Shoplifting,3,3,948.2584328055191
53,4,Theft from the person,3,2,863.3058490441572
54,4,Vehicle crime,1,3,981.3690480109196
55,4,Violence and sexual offences,3,2,1182.5489522156022
56,5,Anti-social behaviour,3,2,1305.1244576137249
57,5,Bicycle theft,2,1,899.187577066739
58,5,Burglary,1,1,995.723592842755
59,5,Criminal damage and arson,2,3,1001.2917597791092
60,5,Drugs,2,3,853.1287520689414
61,5,Other crime,2,2,955.9104679654225
62,5,Other theft,2,3,1040.4732029694144
63,5,Possession of weapons,1,3,694.1815162356628
64,5,Public order,3,2,966.3811554627198
65,5,Robbery,1,1,743.3747025534393
66,5,Shoplifting,1,1,931.1365235535709
67,5,Theft from the person,1,1,766.2882056628109
68,5,Vehicle crime,3,3,961.7870271114191
69,5,Violence and sexual offences,1,1,1147.4177563861836
70,6,Anti-social behaviour,3,2,1315.224416792506
71,6,Bicycle theft,1,3,916.9085049136279
72,6,Burglary,3,2,964.3266601166628
73,6,Criminal damage and arson,3,2,1036.749994983032
74,6,Drugs,2,3,857.5317670692292
75,6,Other crime,2,2,980.7842126909699
76,6,Other theft,2,3,1038.8063628820871
77,6,Possession of weapons,3,3,736.3482915236187
78,6,Public order,3,1,989.6385464039831
79,6,Robbery,2,3,738.9913358617588
80,6,Shoplifting,3,3,991.3499497321802
81,6,Theft from the person,3,3,848.8016983840014
82,6,Vehicle crime,3,3,988.1528646256759
83,6,Violence and sexual offences,3,3,1187.334845680087
84,7,Anti-social behaviour,3,2,1333.9381870985344
85,7,Bicycle theft,1,1,981.3348683363882
86,7,Burglary,3,2,980.0495993492751
87,7,Criminal damage and arson,3,3,1022.043859740902
88,7,Drugs,3,3,880.7042803965468
89,7,Other crime,2,2,985.9392725937554
90,7,Other theft,1,1,1082.3187978062238
91,7,Possession of weapons,3,2,677.6228663925385
92,7,Public order,3,1,1000.6721922773888
93,7,Robbery,1,2,744.0007769808228
94,7,Shoplifting,1,1,975.3615387410229
95,7,Theft from the person,1,2,868.4504274260452
96,7,Vehicle crime,2,3,970.4929315173093
97,7,Violence and sexual offences,2,3,1165.9663352837028
98,8,Anti-social behaviour,3,2,1326.4158544768843
99,8,Bicycle theft,1,2,968.0476296710015
100,8,Burglary,2,2,1003.7353687288141
101,8,Criminal damage and arson,2,3,1032.817016743643
102,8,Drugs,2,3,868.7912880789833
103,8,Other crime,1,1,997.1325031667858
104,8,Other theft,3,1,12.0
105,8,Possession of weapons,2,1,692.7834716813118
106,8,Public order,3,3,1015.7802885120594
107,8,Robbery,1,1,746.0738697103029
108,8,Shoplifting,2,3,975.869157623886
109,8,Theft from the person,2,2,868.6201391442174
110,8,Vehicle crime,3,3,966.8857185668675
111,8,Violence and sexual offences,2,3,1189.1716060394199
112,9,Anti-social behaviour,2,2,1340.3705013208803
113,9,Bicycle theft,2,3,906.6214733292641
114,9,Burglary,2,3,974.0182713982454
115,9,Criminal damage and arson,1,1,1031.5846467834322
116,9,Drugs,1,2,866.8109468322219
117,9,Other crime,1,1,955.5914983317288
118,9,Other theft,1,2,1055.1597291624455
119,9,Possession of weapons,1,1,690.8490473739577
120,9,Public order,3,1,995.0335536263319
121,9,Robbery,1,1,730.591849722381
122,9,Shoplifting,1,2,960.1969836764938
123,9,Theft from the person,1,1,831.6693400146642
124,9,Vehicle crime,3,3,961.9148742623163
125,9,Violence and sexual offences,2,3,1172.0822729193542
126,10,Anti-social behaviour,3,2,1315.7820989824954
127,10,Bicycle theft,2,1,940.7240149908685
128,10,Burglary,3,3,1009.6018978552565
129,10,Criminal damage and arson,3,3,1035.6641959461872
130,10,Drugs,2,3,868.5628889077963
131,10,Other crime,1,1,991.0926933370632
132,10,Other theft,2,2,1061.172931177094
133,10,Possession of weapons,1,1,703.1005429777157
134,10,Public order,3,1,999.677657988135
135,10,Robbery,2,2,705.8009594889154
136,10,Shoplifting,3,3,996.5451448840093
137,10,Theft from the person,3,3,825.5784423354908
138,10,Vehicle crime,3,2,970.7481730070925
139,10,Violence and sexual offences,2,2,1182.8624306838838
140,11,Anti-social behaviour,3,2,1295.0604359948902
141,11,Bicycle theft,2,1,929.122023357282
142,11,Burglary,2,3,964.8911581272991
143,11,Criminal damage and arson,3,3,1039.1520985362185
144,11,Drugs,1,1,868.7974108204335
145,11,Other crime,1,1,980.7830201272271
146,11,Other theft,1,2,1054.6508407859048
147,11,Possession of weapons,2,3,691.1089680579307
148,11,Public order,3,1,989.8023236474727
149,11,Robbery,1,2,708.9598245186143
150,11,Shoplifting,1,1,975.7764434591072
151,11,Theft from the person,2,3,875.4242140591394
152,11,Vehicle crime,3,3,979.651726195692
153,11,Violence and sexual offences,2,3,1157.5558630903522
154,12,Anti-social behaviour,3,2,1290.0525059009608
155,12,Bicycle theft,3,2,917.5695800896293
156,12,Burglary,1,2,983.320553117066
157,12,Criminal damage and arson,3,3,1018.822933418246
158,12,Drugs,2,3,851.420874667016
159,12,Other crime,2,3,931.5279827561197
160,12,Other theft,3,2,1041.4468067455707
161,12,Possession of weapons,1,2,664.8549711468696
162,12,Public order,2,3,957.1818819451818
163,12,Robbery,2,3,740.4724946058993
164,12,Shoplifting,1,1,948.344780289781
165,12,Theft from the person,1,1,884.4283321595367
166,12,Vehicle crime,2,3,958.0626093353246
167,12,Violence and sexual offences,1,2,1142.5424350796657
168,13,Anti-social behaviour,3,2,1294.3466914197797
169,13,Bicycle theft,2,2,895.2150634734124
170,13,Burglary,2,3,954.0768823860935
171,13,Criminal damage and arson,1,1,997.4027943657101
172,13,Drugs,3,3,866.5721994796986
173,13,Other crime,3,3,971.2533737823594
174,13,Other theft,3,2,1101.5005168191403
175,13,Possession of weapons,1,1,694.8778072093723
176,13,Public order,3,1,969.1738233215458
177,13,Robbery,1,1,786.3976250103588
178,13,Shoplifting,3,3,949.6116292296073
179,13,Theft from the person,2,2,983.4936679410552
180,13,Vehicle crime,1,1,976.0595426737407
181,13,Violence and sexual offences,2,3,1160.0187448790093
182,14,Anti-social behaviour,2,2,1303.7476005938313
183,14,Bicycle theft,1,3,910.2069621437773
184,14,Burglary,3,3,968.1797773836228
185,14,Criminal damage and arson,3,3,989.29927437785
186,14,Drugs,3,2,909.8902713321567
187,14,Other crime,1,1,942.0812943912297
188,14,Other theft,1,3,1044.4588538653918
189,14,Possession of weapons,3,3,673.0168567772569
190,14,Public order,3,2,947.8924462677297
191,14,Robbery,1,1,732.1158670315435
192,14,Shoplifting,2,3,908.1696115435998
193,14,Theft from the person,1,1,822.7366007750753
194,14,Vehicle crime,3,2,950.7253735122697
195,14,Violence and sexual offences,1,1,1141.344810821905
196,15,Anti-social behaviour,2,2,1297.94019491147
197,15,Bicycle theft,2,3,894.3620275062062
198,15,Burglary,3,3,956.5911382274963
199,15,Criminal damage and arson,2,3,971.8586639043579
200,15,Drugs,1,2,857.1284358974065
201,15,Other crime,1,2,928.0403808098505
202,15,Other theft,3,3,1019.7686586960792
203,15,Possession of weapons,1,2,674.598787344676
204,15,Public order,1,1,970.2720002091596
205,15,Robbery,1,1,749.9469806586336
206,15,Shoplifting,1,1,945.6655419828002
207,15,Theft from the person,2,1,854.7777381417105
208,15,Vehicle crime,2,3,975.5273432396257
209,15,Violence and sexual offences,1,1,1128.779561247694
210,16,Anti-social behaviour,3,2,1253.1028759404023
211,16,Bicycle theft,1,1,858.8763021353859
212,16,Burglary,2,3,957.4319278537864
213,16,Criminal damage and arson,3,3,966.9915395043051
214,16,Drugs,1,2,789.5527852824091
215,16,Other crime,2,2,937.4045117771581
216,16,Other theft,1,1,992.445987046431
217,16,Possession of weapons,1,1,650.3519803919374
218,16,Public order,3,2,941.3448977663419
219,16,Robbery,1,1,706.7933971227468
220,16,Shoplifting,1,1,896.4146386784993
221,16,Theft from the person,1,1,807.8854071708812
222,16,Vehicle crime,1,1,935.3514466784242
223,16,Violence and sexual offences,1,2,1113.4302428358553
224,17,Anti-social behaviour,3,2,1234.9978152585904
225,17,Bicycle theft,1,2,875.3027497917617
226,17,Burglary,3,3,927.4303196514213
227,17,Criminal damage and arson,1,1,960.1296303280079
228,17,Drugs,1,1,813.1400655137614
229,17,Other crime,2,2,905.5327572742829
230,17,Other theft,3,2,996.4421538555874
231,17,Possession of weapons,1,1,636.5192171298
232,17,Public order,3,1,936.9646648683226
233,17,Robbery,1,1,716.0972402021372
234,17,Shoplifting,3,2,907.3718690433691
235,17,Theft from the person,2,3,833.4867805464917
236,17,Vehicle crime,1,1,928.3423145259374
237,17,Violence and sexual offences,1,1,1093.7413632682233
238,18,Anti-social behaviour,2,2,1247.227274141678
239,18,Bicycle theft,1,2,865.7169827070344
240,18,Burglary,1,2,916.5542341982183
241,18,Criminal damage and arson,1,2,941.5582425217797
242,18,Drugs,2,3,858.9500212049902
243,18,Other crime,3,3,957.8097888208348
244,18,Other theft,3,2,1052.0429186118388
245,18,Possession of weapons,3,3,618.3934809139727
246,18,Public order,1,1,940.2006603715112
247,18,Robbery,3,2,766.0928757817649
248,18,Shoplifting,1,2,888.4303071103102
249,18,Theft from the person,2,2,936.9621079380481
250,18,Vehicle crime,1,2,923.6353472142334
251,18,Violence and sexual offences,2,3,1072.9189673465853
252,19,Anti-social behaviour,3,2,1198.5973461072238
253,19,Bicycle theft,3,3,820.3355558729486
254,19,Burglary,3,3,918.114681779044
255,19,Criminal damage and arson,3,2,910.7791313350574
256,19,Drugs,1,1,832.1440491657946
257,19,Other crime,3,2,901.4949641232308
258,19,Other theft,1,1,978.1926576759012
259,19,Possession of weapons,2,1,618.5850166149693
260,19,Public order,3,1,893.1553774921883
261,19,Robbery,1,1,711.360311032268
262,19,Shoplifting,2,3,841.6821091001055
263,19,Theft from the person,2,2,790.5275429096125
264,19,Vehicle crime,1,2,888.2494806334
265,19,Violence and sexual offences,2,2,1064.4710222233612
266,20,Anti-social behaviour,3,2,1197.8536406171506
267,20,Bicycle theft,2,2,797.5433579780567
268,20,Burglary,1,2,912.4574007512396
269,20,Criminal damage and arson,1,2,919.1364719445215
270,20,Drugs,1,1,826.0094909443437
271,20,Other crime,2,2,880.4682653701733
272,20,Other theft,3,3,976.684894408481
273,20,Possession of weapons,1,1,626.858526860029
274,20,Public order,3,1,891.2546512024531
275,20,Robbery,3,1,722.8516761584052
276,20,Shoplifting,1,1,906.1801545098301
277,20,Theft from the person,3,2,842.6024496762877
278,20,Vehicle crime,1,1,894.0080735286612
279,20,Violence and sexual offences,2,2,1055.4252093462403
280,21,Anti-social behaviour,3,2,1180.5081598361178
281,21,Bicycle theft,3,2,804.7510120853909
282,21,Burglary,3,3,910.928095939049
283,21,Criminal damage and arson,2,2,912.5157500492412
284,21,Drugs,1,1,831.2410512546164
285,21,Other crime,2,2,865.9989148441399
286,21,Other theft,2,2,960.2681247710333
287,21,Possession of weapons,2,1,611.467054089755
288,21,Public order,2,3,878.5741125057009
289,21,Robbery,1,1,698.7777322441723
290,21,Shoplifting,2,3,842.6016964996288
291,21,Theft from the person,3,3,834.4090921630244
292,21,Vehicle crime,3,3,881.5484622336744
293,21,Violence and sexual offences,2,1,1048.1283913167692
294,22,Anti-social behaviour,3,2,1196.7552640096721
295,22,Bicycle theft,1,1,814.6281371430205
296,22,Burglary,1,1,922.5355110102978
297,22,Criminal damage and arson,3,3,917.6478344243825
298,22,Drugs,1,1,795.8625170692188
299,22,Other crime,2,2,866.0465745836569
300,22,Other theft,2,1,958.6560755190018
301,22,Possession of weapons,3,3,756.9100406347501
302,22,Public order,1,3,900.4318421303442
303,22,Robbery,1,2,704.775480784071
304,22,Shoplifting,3,2,859.2073294485887
305,22,Theft from the person,1,1,874.0013974084919
306,22,Vehicle crime,1,1,899.5946523770779
307,22,Violence and sexual offences,2,2,996.9957320252381
308,23,Anti-social behaviour,3,2,1161.7808346312777
309,23,Bicycle theft,2,3,814.6846568029202
310,23,Burglary,3,3,910.0919082055495
311,23,Criminal damage and arson,2,3,898.9881089511988
312,23,Drugs,1,1,865.8143201743577
313,23,Other crime,1,2,833.8331417072478
314,23,Other theft,3,3,967.2644655341169
315,23,Possession of weapons,3,3,610.564051685276
316,23,Public order,2,2,892.6321998256502
317,23,Robbery,2,2,729.1705489638443
318,23,Shoplifting,1,1,840.1205828158871
319,23,Theft from the person,1,1,853.4050777026529
320,23,Vehicle crime,2,3,872.2505546648266
321,23,Violence and sexual offences,2,3,1002.6458392710114
322,24,Anti-social behaviour,2,2,1178.3069828805221
323,24,Bicycle theft,2,3,799.5936068276163
324,24,Burglary,1,1,858.9819636298942
325,24,Criminal damage and arson,3,3,875.9391666950182
326,24,Drugs,2,2,813.1900546592262
327,24,Other crime,2,2,848.3882339087393
328,24,Other theft,3,2,916.7205077486593
329,24,Possession of weapons,1,1,556.586536288123
330,24,Public order,2,2,871.0239116538918
331,24,Robbery,2,2,702.6508007465148
332,24,Shoplifting,2,3,869.3283865700053
333,24,Theft from the person,3,3,824.8743719780285
334,24,Vehicle crime,1,1,850.3882289842061
335,24,Violence and sexual offences,3,3,991.7706934534268
336,25,Anti-social behaviour,3,2,1153.7012915549144
337,25,Bicycle theft,2,3,758.1533288722359
338,25,Burglary,3,3,836.8482318916813
339,25,Criminal damage and arson,1,1,863.4459621595623
340,25,Drugs,3,2,730.5388078658127
341,25,Other crime,2,2,816.1372764816576
342,25,Other theft,1,1,891.1211743837223
343,25,Possession of weapons,3,3,539.089539888547
344,25,Public order,3,2,840.8935631145804
345,25,Robbery,1,1,649.4148534138333
346,25,Shoplifting,1,1,808.9582531404844
347,25,Theft from the person,1,2,767.0393859480615
348,25,Vehicle crime,2,3,825.5622329444584
349,25,Violence and sexual offences,3,3,988.5395073950547
350,26,Anti-social behaviour,1,3,1159.560670331391
351,26,Bicycle theft,2,1,774.6542089274964
352,26,Burglary,1,1,849.3286460215184
353,26,Criminal damage and arson,2,3,880.390324684211
354,26,Drugs,1,1,753.2936850402201
355,26,Other crime,1,3,821.564559020867
356,26,Other theft,3,2,906.7097831693914
357,26,Possession of weapons,2,1,550.2811512570391
358,26,Public order,3,2,863.9707820440308
359,26,Robbery,1,1,676.6354306054985
360,26,Shoplifting,1,1,787.9637820630385
361,26,Theft from the person,1,1,750.4519355676384
362,26,Vehicle crime,3,3,830.8870281121842
363,26,Violence and sexual offences,2,2,970.3036965201617
364,27,Anti-social behaviour,3,2,1137.2969862491466
365,27,Bicycle theft,3,2,779.1184643022917
366,27,Burglary,2,2,886.3768535946115
367,27,Criminal damage and arson,2,3,839.9097365908028
368,27,Drugs,2,2,799.854766019588
369,27,Other crime,3,2,852.4860725804564
370,27,Other theft,3,2,961.3379644831238
371,27,Possession of weapons,1,1,594.2601841684086
372,27,Public order,1,1,856.0814851339852
373,27,Robbery,3,1,699.2981106954037
374,27,Shoplifting,2,2,795.6061579917629
375,27,Theft from the person,1,1,858.8214116075379
376,27,Vehicle crime,3,2,853.6020318296692
377,27,Violence and sexual offences,3,1,990.1192991031336
378,28,Anti-social behaviour,2,2,1136.2833430061683
379,28,Bicycle theft,1,1,747.3166269350196
380,28,Burglary,1,1,847.551889499627
381,28,Criminal damage and arson,1,1,838.0163923147715
382,28,Drugs,1,1,743.3281506156873
383,28,Other crime,2,3,800.1742179091343
384,28,Other theft,3,2,877.9674717193748
385,28,Possession of weapons,1,1,552.2421485551844
386,28,Public order,2,3,832.9587039412659
387,28,Robbery,1,1,686.2082192315529
388,28,Shoplifting,1,1,776.9170316489648
389,28,Theft from the person,1,1,763.8303401423811
390,28,Vehicle crime,2,2,858.3986761575584
391,28,Violence and sexual offences,1,2,966.7050682871677
392,29,Anti-social behaviour,3,2,1131.8589179632534
393,29,Bicycle theft,1,2,772.6505036294126
394,29,Burglary,1,1,864.6042411433446
395,29,Criminal damage and arson,2,3,828.1848516654755
396,29,Drugs,2,3,756.2898354414043
397,29,Other crime,2,3,827.672659981479
398,29,Other theft,2,1,878.0446119819335
399,29,Possession of weapons,1,3,552.0425738789702
400,29,Public order,2,3,847.0989213419855
401,29,Robbery,1,2,650.2934277767062
402,29,Shoplifting,3,3,866.2137114107895
403,29,Theft from the person,1,2,692.3414995013186
404,29,Vehicle crime,3,3,830.7984696373132
405,29,Violence and sexual offences,1,1,994.0959324650408
406,30,Anti-social behaviour,3,2,1062.0767323016933
407,30,Bicycle theft,1,1,746.7657523564693
408,30,Burglary,1,1,867.4470365552908
409,30,Criminal damage and arson,2,3,838.7015458404067
410,30,Drugs,1,1,740.8176253895984
411,30,Other crime,2,2,794.5192024100339
412,30,Other theft,1,1,860.2183605232609
413,30,Possession of weapons,1,1,560.943453699909
414,30,Public order,1,1,816.4874664606116
415,30,Robbery,2,3,672.4320664180683
416,30,Shoplifting,2,2,798.3294474877838
417,30,Theft from the person,3,2,737.0242388201193
418,30,Vehicle crime,2,3,846.8661017099589
419,30,Violence and sexual offences,1,1,982.6609661121379
420,31,Anti-social behaviour,2,2,1106.2118879114466
421,31,Bicycle theft,1,1,740.8739179230007
422,31,Burglary,1,1,818.7998199935296
423,31,Criminal damage and arson,1,1,829.6232365168094
424,31,Drugs,1,2,722.0856389783432
425,31,Other crime,3,2,806.5157148047053
426,31,Other theft,2,3,863.770769248471
427,31,Possession of weapons,3,3,592.2967136176837
428,31,Public order,1,1,790.0853044243357
429,31,Robbery,3,2,656.5470793195306
430,31,Shoplifting,2,3,759.3548170624083
431,31,Theft from the person,1,1,812.5563685031176
432,31,Vehicle crime,1,1,836.0074070232045
433,31,Violence and sexual offences,2,1,950.453287376132
434,32,Anti-social behaviour,3,2,1069.5165439147731
435,32,Bicycle theft,1,1,811.105169383734
436,32,Burglary,3,2,819.7663776637366
437,32,Criminal damage and arson,1,1,789.7393592357191
438,32,Drugs,1,2,699.0422121293817
439,32,Other crime,1,3,768.2430638811962
440,32,Other theft,2,2,893.6118594654425
441,32,Possession of weapons,2,3,505.05847322228175
442,32,Public order,3,3,803.3001340873474
443,32,Robbery,1,1,633.235988381517
444,32,Shoplifting,2,3,770.075922693607
445,32,Theft from the person,1,2,794.3226689816365
446,32,Vehicle crime,1,1,821.8842265109358
447,32,Violence and sexual offences,3,3,930.0683217065816
448,33,Anti-social behaviour,3,2,1017.4729213477376
449,33,Bicycle theft,1,2,663.793892797101
450,33,Burglary,1,1,837.1994384579133
451,33,Criminal damage and arson,1,2,774.8205771528333
452,33,Drugs,1,1,674.8295212537554
453,33,Other crime,2,2,737.8232451602831
454,33,Other theft,2,1,783.653611382654
455,33,Possession of weapons,1,1,484.62512014735506
456,33,Public order,3,1,762.5714090128507
457,33,Robbery,2,3,618.8602263636039
458,33,Shoplifting,1,1,736.5245478689259
459,33,Theft from the person,1,1,644.1661645621145
460,33,Vehicle crime,2,3,801.1901270640608
461,33,Violence and sexual offences,2,3,896.3672230634658
462,34,Anti-social behaviour,1,2,1018.3961085324813
463,34,Bicycle theft,3,2,646.5593287327199
464,34,Burglary,3,2,826.3765951498332
465,34,Criminal damage and arson,3,3,784.7631613389038
466,34,Drugs,3,3,689.5820627709007
467,34,Other crime,2,2,751.251596568456
468,34,Other theft,2,1,803.7665567929034
469,34,Possession of weapons,1,3,468.4827570647829
470,34,Public order,3,1,729.0900197214113
471,34,Robbery,1,1,619.6592057475484
472,34,Shoplifting,2,3,745.5344978915558
473,34,Theft from the person,2,3,649.598745150237
474,34,Vehicle crime,1,2,833.2010738003928
475,34,Violence and sexual offences,3,2,881.2829123483597
476,35,Anti-social behaviour,2,3,987.5979694437533
477,35,Bicycle theft,2,1,596.6825909818901
478,35,Burglary,2,1,808.2471068575028
479,35,Criminal damage and arson,2,3,792.9189765472569
480,35,Drugs,1,2,632.6802006138076
481,35,Other crime,2,2,705.1235265021378
482,35,Other theft,1,1,791.9274738540659
483,35,Possession of weapons,3,3,472.23990327643423
484,35,Public order,1,3,726.6392151675813
485,35,Robbery,1,1,614.2215795349028
486,35,Shoplifting,1,1,721.4664182340534
487,35,Theft from the person,1,1,558.6339587811143
488,35,Vehicle crime,1,1,784.0292341686169
489,35,Violence and sexual offences,1,1,880.1150339554571
490,36,Anti-social behaviour,1,3,1007.0295779171466
491,36,Bicycle theft,1,1,677.8645359310102
492,36,Burglary,1,1,808.0479680417468
493,36,Criminal damage and arson,1,1,744.5486510630974
494,36,Drugs,1,2,712.4715953035783
495,36,Other crime,2,2,703.831998947081
496,36,Other theft,1,1,854.820055310568
497,36,Possession of weapons,1,1,481.97826151732625
498,36,Public order,1,1,724.8138324448717
499,36,Robbery,3,3,573.9721845345014
500,36,Shoplifting,1,1,683.3419724536144
501,36,Theft from the person,3,2,716.5621229436538
502,36,Vehicle crime,1,1,770.9751698090333
503,36,Violence and sexual offences,3,3,868.2924349137207
504,37,Anti-social behaviour,3,2,987.0475408943389
505,37,Bicycle theft,2,2,575.6416178915524
506,37,Burglary,1,1,785.1550805482403
507,37,Criminal damage and arson,1,1,787.9933762555771
508,37,Drugs,1,1,682.3488453076759
509,37,Other crime,1,3,689.9084909703606
510,37,Other theft,1,1,793.5591811827368
511,37,Possession of weapons,2,1,467.1444915616727
512,37,Public order,3,2,701.0832226961853
513,37,Robbery,1,1,591.9061134297344
514,37,Shoplifting,1,2,722.2218138041512
515,37,Theft from the person,1,1,573.3080703265537
516,37,Vehicle crime,1,1,783.2634288679141
517,37,Violence and sexual offences,2,3,848.0816059254757
518,38,Anti-social behaviour,3,2,975.0537763022163
519,38,Bicycle theft,2,2,588.4785023115628
520,38,Burglary,3,3,764.4272516263114
521,38,Criminal damage and arson,2,3,755.9581624563697
522,38,Drugs,1,3,680.3505126074734
523,38,Other crime,2,1,682.9959516293882
524,38,Other theft,2,1,728.136665708888
525,38,Possession of weapons,1,1,444.65426063303033
526,38,Public order,3,3,697.0100963243303
527,38,Robbery,3,3,570.5099108995588
528,38,Shoplifting,1,2,645.9004236684721
529,38,Theft from the person,1,1,577.2549596253451
530,38,Vehicle crime,1,1,753.3784396899381
531,38,Violence and sexual offences,1,1,822.4132436175624
532,39,Anti-social behaviour,3,2,1024.914614371122
533,39,Bicycle theft,1,1,680.4408827442795
534,39,Burglary,1,1,771.3282811884696
535,39,Criminal damage and arson,3,1,738.0376091118089
536,39,Drugs,1,2,715.2167440309497
537,39,Other crime,2,2,740.8941959603071
538,39,Other theft,2,3,822.0627418490039
539,39,Possession of weapons,2,3,522.0711385118047
540,39,Public order,2,2,756.1179401608815
541,39,Robbery,1,1,601.9629265419655
542,39,Shoplifting,1,1,804.8677117840797
543,39,Theft from the person,1,1,717.4953467238903
544,39,Vehicle crime,1,2,774.5044671133984
545,39,Violence and sexual offences,3,3,884.2783261430529
546,40,Anti-social behaviour,1,1,948.0383838315973
547,40,Bicycle theft,1,1,650.6783447161936
548,40,Burglary,2,3,748.722057758477
549,40,Criminal damage and arson,1,3,754.2093720806885
550,40,Drugs,3,3,581.2640321454012
551,40,Other crime,1,1,653.0628925304511
552,40,Other theft,3,3,718.1070631956445
553,40,Possession of weapons,1,2,441.4635229883581
554,40,Public order,3,1,646.5025226542688
555,40,Robbery,2,3,509.7166462136675
556,40,Shoplifting,1,1,648.5105516557041
557,40,Theft from the person,3,3,508.8868440444511
558,40,Vehicle crime,1,1,736.7393392448938
559,40,Violence and sexual offences,3,1,795.1550810457331
560,41,Anti-social behaviour,1,3,937.3142164074484
561,41,Bicycle theft,3,2,679.8932745499687
562,41,Burglary,2,2,700.7647833318459
563,41,Criminal damage and arson,1,1,717.5036056867983
564,41,Drugs,2,3,619.4031669174911
565,41,Other crime,3,3,717.9316576749884
566,41,Other theft,1,1,760.087466478483
567,41,Possession of weapons,2,3,454.28338227568355
568,41,Public order,3,3,658.5634373820492
569,41,Robbery,1,1,532.9421858722183
570,41,Shoplifting,3,1,739.2372367489603
571,41,Theft from the person,1,1,664.6995078638968
572,41,Vehicle crime,1,2,695.7795302013386
573,41,Violence and sexual offences,1,1,809.3422357605659
574,42,Anti-social behaviour,3,2,890.9307708240063
575,42,Bicycle theft,1,1,575.5334330530095
576,42,Burglary,1,1,714.0591485435504
577,42,Criminal damage and arson,1,2,718.6788563186043
578,42,Drugs,2,3,576.7187134885118
579,42,Other crime,1,2,599.853779545652
580,42,Other theft,2,3,688.6798419509106
581,42,Possession of weapons,1,1,389.9495165145698
582,42,Public order,2,3,637.2952752612999
583,42,Robbery,2,3,491.48124238889335
584,42,Shoplifting,1,1,669.2677331765353
585,42,Theft from the person,3,2,531.0312615204766
586,42,Vehicle crime,1,1,684.0102778800892
587,42,Violence and sexual offences,2,3,776.8699741469319
588,43,Anti-social behaviour,3,1,865.9472830171771
589,43,Bicycle theft,3,2,505.8759178115245
590,43,Burglary,1,1,679.2572336854869
591,43,Criminal damage and arson,3,3,721.2904896576488
592,43,Drugs,1,1,550.3143756773644
593,43,Other crime,1,1,595.3611787606073
594,43,Other theft,1,1,671.9772556556946
595,43,Possession of weapons,2,3,388.22942687958044
596,43,Public order,1,3,615.7649076873664
597,43,Robbery,3,3,486.1499104422614
598,43,Shoplifting,1,1,659.7331891161181
599,43,Theft from the person,1,1,375.3523665369354
600,43,Vehicle crime,1,1,673.4220342190351
601,43,Violence and sexual offences,1,3,745.5242732007621
602,44,Anti-social behaviour,2,3,876.4573018593754
603,44,Bicycle theft,2,1,480.6443671992788
604,44,Burglary,1,2,676.9060436547786
605,44,Criminal damage and arson,1,2,711.2527973710576
606,44,Drugs,2,3,607.3295188799349
607,44,Other crime,3,3,617.8878074718563
608,44,Other theft,1,1,677.3289056282161
609,44,Possession of weapons,1,1,373.6505862425078
610,44,Public order,3,2,642.626101560313
611,44,Robbery,3,3,510.79409872570955
612,44,Shoplifting,3,3,656.7201186738307
613,44,Theft from the person,2,3,516.2738633908882
614,44,Vehicle crime,1,1,652.8734499687953
615,44,Violence and sexual offences,2,3,758.7830139482226
616,45,Anti-social behaviour,1,3,885.36059230072
617,45,Bicycle theft,1,1,514.7149821277145
618,45,Burglary,2,1,680.6279239695053
619,45,Criminal damage and arson,1,2,702.373241504192
620,45,Drugs,2,1,575.0515468266974
621,45,Other crime,3,3,592.8900581775188
622,45,Other theft,1,1,696.1174192603178
623,45,Possession of weapons,1,1,387.635202166018
624,45,Public order,2,1,627.8610986051543
625,45,Robbery,2,3,463.1716085544286
626,45,Shoplifting,2,1,643.7386992045847
627,45,Theft from the person,1,1,400.6446966568067
628,45,Vehicle crime,1,1,663.0269185349575
629,45,Violence and sexual offences,2,2,756.9934778730527
630,46,Anti-social behaviour,1,1,857.3627558311532
631,46,Bicycle theft,1,1,445.21002336105664
632,46,Burglary,1,3,672.3518194040297
633,46,Criminal damage and arson,1,2,674.6988590591471
634,46,Drugs,2,3,498.1388004918714
635,46,Other crime,3,1,537.0271309465296
636,46,Other theft,1,1,619.7451444067239
637,46,Possession of weapons,3,3,349.86487957199654
638,46,Public order,1,1,581.5797565754355
639,46,Robbery,3,3,393.43899462375146
640,46,Shoplifting,1,1,571.6761614903506
641,46,Theft from the person,1,1,337.9402255614608
642,46,Vehicle crime,1,1,641.8844293669588
643,46,Violence and sexual offences,1,1,706.4255581204043
644,47,Anti-social behaviour,2,2,830.5389815142461
645,47,Bicycle theft,1,2,411.32503327103245
646,47,Burglary,1,2,667.9189075282958
647,47,Criminal damage and arson,1,1,657.4108085518131
648,47,Drugs,1,1,479.921501708641
649,47,Other crime,2,2,514.7119717796963
650,47,Other theft,1,1,630.626558081925
651,47,Possession of weapons,1,2,310.71895818241853
652,47,Public order,3,2,560.7035212937312
653,47,Robbery,1,1,458.14924850954617
654,47,Shoplifting,1,1,588.0534452578338
655,47,Theft from the person,3,1,376.3186610711061
656,47,Vehicle crime,1,2,660.8290878652014
657,47,Violence and sexual offences,1,1,722.4735300301892
658,48,Anti-social behaviour,1,2,887.8976288443043
659,48,Bicycle theft,2,3,547.2418674445349
660,48,Burglary,2,3,633.253007207275
661,48,Criminal damage and arson,1,1,709.2046195002662
662,48,Drugs,1,1,705.1299878656702
663,48,Other crime,2,2,588.2498622652448
664,48,Other theft,1,1,678.1327015887605
665,48,Possession of weapons,1,1,367.5803875458556
666,48,Public order,1,1,632.8264051202383
667,48,Robbery,1,1,453.9429498915327
668,48,Shoplifting,2,3,641.2616619343669
669,48,Theft from the person,2,1,420.5262460483393
670,48,Vehicle crime,3,1,652.0381209320133
671,48,Violence and sexual offences,2,2,781.8283555791628
672,49,Anti-social behaviour,2,3,858.3745207679007
673,49,Bicycle theft,1,2,501.07107237877483
674,49,Burglary,1,2,638.374126018504
675,49,Criminal damage and arson,1,1,681.1583523115902
676,49,Drugs,1,2,580.6694560044264
677,49,Other crime,3,3,568.4988874709564
678,49,Other theft,1,1,639.4283256954898
679,49,Possession of weapons,1,1,349.08554495584724
680,49,Public order,2,1,644.5440983692961
681,49,Robbery,1,2,471.1394476165772
682,49,Shoplifting,2,1,606.5567989626807
683,49,Theft from the person,1,1,443.2275912310599
684,49,Vehicle crime,3,1,653.6858881955641
685,49,Violence and sexual offences,3,2,752.0719962328137
686,50,Anti-social behaviour,1,1,855.9531125130005
687,50,Bicycle theft,1,1,528.644872269877
688,50,Burglary,1,1,630.9830764279543
689,50,Criminal damage and arson,1,2,675.9576921728285
690,50,Drugs,3,2,547.2774133107401
691,50,Other crime,1,1,604.652229481615
692,50,Other theft,1,1,685.1583702666597
693,50,Possession of weapons,2,3,430.5414851284812
694,50,Public order,2,1,643.3314129729539
695,50,Robbery,3,3,537.2198168403145
696,50,Shoplifting,1,1,658.6375587891707
697,50,Theft from the person,1,1,519.3340732111103
698,50,Vehicle crime,1,1,656.6394085274734
699,50,Violence and sexual offences,1,1,741.258260207642
700,51,Anti-social behaviour,3,3,871.0677427528658
701,51,Bicycle theft,3,1,436.7040850779059
702,51,Burglary,2,2,648.2726789111756
703,51,Criminal damage and arson,2,1,647.8190009922015
704,51,Drugs,2,3,482.26551780559066
705,51,Other crime,2,3,515.4491803393641
706,51,Other theft,1,1,611.8389064627929
707,51,Possession of weapons,1,3,345.4138250322126
708,51,Public order,1,1,586.7681559668122
709,51,Robbery,1,1,428.86440891008465
710,51,Shoplifting,1,1,617.676363464464
711,51,Theft from the person,2,3,347.8543732464606
712,51,Vehicle crime,1,1,634.6870109766256
713,51,Violence and sexual offences,1,1,707.333555170948
714,52,Anti-social behaviour,2,2,846.0512368938157
715,52,Bicycle theft,3,2,420.1502753654539
716,52,Burglary,1,3,637.0839348989555
717,52,Criminal damage and arson,1,1,680.3429903484621
718,52,Drugs,1,3,527.2225040433779
719,52,Other crime,2,3,519.5521195709648
720,52,Other theft,1,1,608.3416864474062
721,52,Possession of weapons,3,2,361.3009500349261
722,52,Public order,1,1,593.4283390573432
723,52,Robbery,3,3,412.4367662044409
724,52,Shoplifting,1,1,569.3385941259625
725,52,Theft from the person,3,1,343.4009746082193
726,52,Vehicle crime,2,3,663.2869280549373
727,52,Violence and sexual offences,1,1,741.8034224125904
728,53,Anti-social behaviour,2,3,863.8073667210789
729,53,Bicycle theft,3,2,453.9888063247545
730,53,Burglary,1,1,624.2279481039903
731,53,Criminal damage and arson,1,1,695.4022544461621
732,53,Drugs,1,1,561.1078221958728
733,53,Other crime,1,1,621.7347160937956
734,53,Other theft,2,3,678.3735498588874
735,53,Possession of weapons,2,3,491.716649208265
736,53,Public order,2,3,606.3939005504647
737,53,Robbery,3,2,473.5933928981134
738,53,Shoplifting,1,1,625.154256301401
739,53,Theft from the person,3,1,423.821274416503
740,53,Vehicle crime,2,2,12.0
741,53,Violence and sexual offences,1,1,792.3200107972729
742,54,Anti-social behaviour,3,2,884.9890696135421
743,54,Bicycle theft,3,3,640.5593456365103
744,54,Burglary,2,2,674.1998347509967
745,54,Criminal damage and arson,1,2,677.3578132270204
746,54,Drugs,3,2,580.2360784703628
747,54,Other crime,3,2,582.7085725930696
748,54,Other theft,2,3,787.2001032613256
749,54,Possession of weapons,2,1,402.87699716726513
750,54,Public order,1,1,667.2501117624657
751,54,Robbery,2,2,557.4577367354179
752,54,Shoplifting,3,2,734.9643278498522
753,54,Theft from the person,1,1,762.998461774901
754,54,Vehicle crime,1,2,684.5357346818248
755,54,Violence and sexual offences,2,3,828.5131416827181
756,55,Anti-social behaviour,2,3,867.9836271239132
757,55,Bicycle theft,1,2,615.5764277416097
758,55,Burglary,1,2,696.0582377076303
759,55,Criminal damage and arson,1,1,692.1241873587346
760,55,Drugs,1,1,676.2164372365585
761,55,Other crime,2,2,603.3765055852583
762,55,Other theft,1,1,801.3507465993359
763,55,Possession of weapons,3,3,435.07354207579834
764,55,Public order,2,2,721.664307394406
765,55,Robbery,1,2,570.5605953849655
766,55,Shoplifting,1,1,660.3484254292644
767,55,Theft from the person,1,1,745.5309857435911
768,55,Vehicle crime,1,1,709.8137967033457
769,55,Violence and sexual offences,2,3,811.8527362306183
770,56,Anti-social behaviour,3,3,852.5344263011193
771,56,Bicycle theft,2,3,517.7118690305896
772,56,Burglary,1,1,655.0633515282447
773,56,Criminal damage and arson,1,1,634.4287619310162
774,56,Drugs,1,1,556.7888835410869
775,56,Other crime,3,3,558.7851527598614
776,56,Other theft,3,3,651.9005788621198
777,56,Possession of weapons,1,1,346.43403681824685
778,56,Public order,1,1,596.5482788585934
779,56,Robbery,1,1,473.8071963272476
780,56,Shoplifting,1,1,653.7738562046327
781,56,Theft from the person,3,2,463.0131849958336
782,56,Vehicle crime,2,2,639.971114972614
783,56,Violence and sexual offences,2,3,728.2105282197007
784,57,Anti-social behaviour,2,2,834.6516007463086
785,57,Bicycle theft,3,3,510.3418760636504
786,57,Burglary,1,1,649.9797564195622
787,57,Criminal damage and arson,1,1,679.4227467066563
788,57,Drugs,2,3,563.3769034557229
789,57,Other crime,2,2,524.7585209343812
790,57,Other theft,3,3,639.9727343948696
791,57,Possession of weapons,3,3,365.6876821640806
792,57,Public order,3,3,595.0923889290957
793,57,Robbery,2,3,462.10444676875585
794,57,Shoplifting,3,3,580.5049272297216
795,57,Theft from the person,1,1,538.6227856302505
796,57,Vehicle crime,3,3,647.5562240322723
797,57,Violence and sexual offences,3,2,724.3825892898849
798,58,Anti-social behaviour,1,1,835.3914387787667
799,58,Bicycle theft,1,1,449.8786910279836
800,58,Burglary,2,2,644.3222393244924
801,58,Criminal damage and arson,1,1,646.2360478351962
802,58,Drugs,1,1,588.4458880593617
803,58,Other crime,1,1,609.1070714842764
804,58,Other theft,1,1,622.0981462069898
805,58,Possession of weapons,3,2,361.9613615592155
806,58,Public order,3,1,626.3214184670013
807,58,Robbery,1,1,499.8009719099957
808,58,Shoplifting,1,2,602.7127667088926
809,58,Theft from the person,1,1,518.2361597087636
810,58,Vehicle crime,1,1,672.2050244439872
811,58,Violence and sexual offences,2,3,715.2146127436479
812,59,Anti-social behaviour,2,3,836.325172832903
813,59,Bicycle theft,1,1,438.1074425722663
814,59,Burglary,1,2,641.7474522540903
815,59,Criminal damage and arson,2,1,677.6414437614843
816,59,Drugs,1,1,604.6712201223571
817,59,Other crime,2,3,542.0156228183143
818,59,Other theft,1,1,641.2784363392304
819,59,Possession of weapons,2,1,310.0733428557897
820,59,Public order,3,2,566.5129684823353
821,59,Robbery,2,3,445.390390055373
822,59,Shoplifting,1,1,580.9750680482383
823,59,Theft from the person,3,3,406.07391035761975
824,59,Vehicle crime,1,1,649.6804395501003
825,59,Violence and sexual offences,2,1,728.7707844197737
826,60,Anti-social behaviour,3,3,837.0008517057249
827,60,Bicycle theft,1,2,596.7662714466895
828,60,Burglary,1,1,695.7822062556819
829,60,Criminal damage and arson,1,3,637.2580823030447
830,60,Drugs,1,1,636.1649468887442
831,60,Other crime,1,1,632.6557793329023
832,60,Other theft,1,1,809.0789075932356
833,60,Possession of weapons,2,1,361.55833739710005
834,60,Public order,1,1,622.8640597028227
835,60,Robbery,1,2,513.8023678590632
836,60,Shoplifting,3,3,690.696975848703
837,60,Theft from the person,2,2,764.4912540517822
838,60,Vehicle crime,3,2,699.5050716554829
839,60,Violence and sexual offences,2,3,785.0183553521833
840,61,Anti-social behaviour,3,2,769.5514881498766
841,61,Bicycle theft,2,2,509.1361645700823
842,61,Burglary,3,2,628.1436851156302
843,61,Criminal damage and arson,2,3,603.8397132077807
844,61,Drugs,2,1,595.9032573572548
845,61,Other crime,1,1,554.003862002797
846,61,Other theft,2,3,717.1065486650214
847,61,Possession of weapons,2,3,348.02621644664356
848,61,Public order,1,1,570.3590663686483
849,61,Robbery,1,1,448.04156477571814
850,61,Shoplifting,2,3,678.5640627688829
851,61,Theft from the person,2,2,690.8544690083538
852,61,Vehicle crime,3,3,622.7497964858642
853,61,Violence and sexual offences,1,1,716.6429979747819
854,62,Anti-social behaviour,1,1,751.3395822190531
855,62,Bicycle theft,1,1,438.3023933292955
856,62,Burglary,1,1,575.5395114934042
857,62,Criminal damage and arson,3,2,588.0210491978089
858,62,Drugs,3,3,448.30185262577936
859,62,Other crime,3,3,499.7203814128037
860,62,Other theft,2,3,600.5034663968116
861,62,Possession of weapons,3,3,302.5724549605288
862,62,Public order,2,2,502.7685361569872
863,62,Robbery,2,2,332.34564666753715
864,62,Shoplifting,1,1,561.7589846225883
865,62,Theft from the person,2,3,388.0487162117373
866,62,Vehicle crime,2,3,629.9100895471912
867,62,Violence and sexual offences,3,3,626.1708738882955
868,63,Anti-social behaviour,2,3,717.2040763160501
869,63,Bicycle theft,2,1,467.1150834614495
870,63,Burglary,1,1,560.8640837661026
871,63,Criminal damage and arson,3,3,574.3105770438817
872,63,Drugs,1,1,430.59062636748706
873,63,Other crime,1,2,421.0586829665166
874,63,Other theft,2,3,566.6083201724432
875,63,Possession of weapons,2,3,245.35808516411362
876,63,Public order,2,3,462.03826019201296
877,63,Robbery,3,2,382.91443284134925
878,63,Shoplifting,1,3,513.1041861621006
879,63,Theft from the person,1,3,429.9216075597721
880,63,Vehicle crime,2,2,590.0058331680478
881,63,Violence and sexual offences,3,3,628.5998712399337
882,64,Anti-social behaviour,1,1,745.5926072807337
883,64,Bicycle theft,1,1,405.67060532078244
884,64,Burglary,1,1,575.6570201194771
885,64,Criminal damage and arson,1,1,585.3940901680967
886,64,Drugs,1,1,472.39191111680276
887,64,Other crime,3,3,477.9530318744489
888,64,Other theft,3,3,604.5802936296274
889,64,Possession of weapons,3,3,270.51310495056237
890,64,Public order,3,1,464.9286117205539
891,64,Robbery,2,3,433.320261942315
892,64,Shoplifting,1,1,505.3892581801464
893,64,Theft from the person,3,3,382.47403189911216
894,64,Vehicle crime,3,3,637.0648567877791
895,64,Violence and sexual offences,1,1,661.1395487500491
896,65,Anti-social behaviour,1,2,728.304722406226
897,65,Bicycle theft,2,2,320.05229788623893
898,65,Burglary,1,1,582.3546052248508
899,65,Criminal damage and arson,2,3,555.6197415024745
900,65,Drugs,1,1,434.10901573969835
901,65,Other crime,3,1,405.24636039068463
902,65,Other theft,3,2,512.9632484475724
903,65,Possession of weapons,1,1,299.28392635604024
904,65,Public order,3,1,476.67092868294856
905,65,Robbery,1,2,354.66671328990986
906,65,Shoplifting,2,2,536.9583022327879
907,65,Theft from the person,1,1,284.64262373365267
908,65,Vehicle crime,1,1,538.3686126178357
909,65,Violence and sexual offences,1,1,626.4577506491752
910,66,Anti-social behaviour,1,1,667.7157829299405
911,66,Bicycle theft,1,1,263.6730681600408
912,66,Burglary,1,1,582.8616975085173
913,66,Criminal damage and arson,1,1,529.7044331587769
914,66,Drugs,1,2,432.4231149478336
915,66,Other crime,1,2,374.596486890763
916,66,Other theft,1,1,519.4389079073176
917,66,Possession of weapons,1,1,240.84392640474874
918,66,Public order,2,1,423.78813052473646
919,66,Robbery,1,1,374.2161296781164
920,66,Shoplifting,1,1,457.24949379642584
921,66,Theft from the person,1,1,272.48675656695883
922,66,Vehicle crime,1,1,553.9745165412587
923,66,Violence and sexual offences,1,3,601.5913295900887
924,67,Anti-social behaviour,2,3,653.1916916750474
925,67,Bicycle theft,1,1,280.56834137411244
926,67,Burglary,1,1,558.1976783704391
927,67,Criminal damage and arson,1,1,527.4257873024723
928,67,Drugs,1,1,404.2664637901251
929,67,Other crime,3,3,427.89404933505074
930,67,Other theft,1,2,515.7411060681035
931,67,Possession of weapons,2,3,237.7461956619572
932,67,Public order,2,3,424.97668688031786
933,67,Robbery,1,1,403.2521606401084
934,67,Shoplifting,2,3,440.95244683435817
935,67,Theft from the person,1,1,267.0904406817504
936,67,Vehicle crime,2,2,556.0526556689969
937,67,Violence and sexual offences,1,2,599.6091936300522
938,68,Anti-social behaviour,2,2,708.3992755829844
939,68,Bicycle theft,2,2,281.6622957701101
940,68,Burglary,3,3,540.627640231675
941,68,Criminal damage and arson,1,1,535.8698351023247
942,68,Drugs,2,3,386.5711000619132
943,68,Other crime,1,3,381.50214912495767
944,68,Other theft,1,1,479.31125299470915
945,68,Possession of weapons,1,1,207.6611631282167
946,68,Public order,3,3,441.5203437895325
947,68,Robbery,2,3,264.805367341711
948,68,Shoplifting,3,3,541.3616569549151
949,68,Theft from the person,3,2,279.58447988713795
950,68,Vehicle crime,1,1,491.06175432337193
951,68,Violence and sexual offences,1,1,597.9250533299827
952,69,Anti-social behaviour,1,1,710.4045860288313
953,69,Bicycle theft,3,2,308.5692085661354
954,69,Burglary,2,3,558.9080814550971
955,69,Criminal damage and arson,1,1,599.5496720270219
956,69,Drugs,3,3,369.1181168252593
957,69,Other crime,3,3,397.14851668164596
958,69,Other theft,2,3,473.53716362090114
959,69,Possession of weapons,1,3,247.49200875094937
960,69,Public order,2,3,414.45019611359487
961,69,Robbery,3,1,359.9992044988393
962,69,Shoplifting,1,1,539.8532922244029
963,69,Theft from the person,1,1,252.83784960405697
964,69,Vehicle crime,1,1,534.7114103553139
965,69,Violence and sexual offences,1,3,567.9876247927475
966,70,Anti-social behaviour,2,2,739.0741653516737
967,70,Bicycle theft,1,1,306.8085787081272
968,70,Burglary,2,1,550.5808954605732
969,70,Criminal damage and arson,2,2,571.7948488266126
970,70,Drugs,2,1,417.0015320592479
971,70,Other crime,1,1,409.04790759014304
972,70,Other theft,3,2,482.146413316214
973,70,Possession of weapons,1,1,280.96991711899494
974,70,Public order,1,1,466.9049438289937
975,70,Robbery,2,3,383.56166873899207
976,70,Shoplifting,3,2,479.17905966657054
977,70,Theft from the person,1,1,255.14546195638175
978,70,Vehicle crime,3,1,527.4371264225582
979,70,Violence and sexual offences,1,3,605.9121175824292
980,71,Anti-social behaviour,1,1,758.0810231936832
981,71,Bicycle theft,3,3,334.5686209281535
982,71,Burglary,1,1,609.5321932863477
983,71,Criminal damage and arson,3,3,612.696032015907
984,71,Drugs,1,1,499.64767307512994
985,71,Other crime,1,2,546.6124018425859
986,71,Other theft,1,1,572.4864796868931
987,71,Possession of weapons,3,3,303.3143837015075
988,71,Public order,1,1,461.33309464723317
989,71,Robbery,1,1,423.1027132869558
990,71,Shoplifting,3,3,557.5180067057848
991,71,Theft from the person,1,1,373.89753792119103
992,71,Vehicle crime,1,1,605.6971232992558
993,71,Violence and sexual offences,3,2,651.7876196666101
994,72,Anti-social behaviour,1,1,673.3506152838218
995,72,Bicycle theft,3,3,251.57426185886482
996,72,Burglary,1,1,540.5842781949548
997,72,Criminal damage and arson,1,1,531.4954193571656
998,72,Drugs,1,1,384.6790242754378
999,72,Other crime,1,1,377.66605498455874
1000,72,Other theft,1,2,478.425472047561
1001,72,Possession of weapons,1,1,229.21349894267078
1002,72,Public order,1,1,430.06424616181613
1003,72,Robbery,3,2,305.1728985457587
1004,72,Shoplifting,1,2,457.0624032019603
1005,72,Theft from the person,1,2,163.08020999485828
1006,72,Vehicle crime,2,3,501.6182565706502
1007,72,Violence and sexual offences,3,3,570.2583868412485
1008,73,Anti-social behaviour,2,3,759.9647543809508
1009,73,Bicycle theft,1,1,467.48028302803976
1010,73,Burglary,1,2,558.2156378389872
1011,73,Criminal damage and arson,1,1,522.6192338449733
1012,73,Drugs,1,1,453.1155258832696
1013,73,Other crime,2,2,461.865520443156
1014,73,Other theft,2,3,596.3950327233348
1015,73,Possession of weapons,2,3,309.5109691264288
1016,73,Public order,1,2,533.6675979185699
1017,73,Robbery,3,3,423.9282318203385
1018,73,Shoplifting,1,1,631.7047608497609
1019,73,Theft from the person,1,1,539.9713775721794
1020,73,Vehicle crime,1,1,588.9956854946386
1021,73,Violence and sexual offences,1,1,617.2835651649928
1022,74,Anti-social behaviour,2,3,772.1035647764235
1023,74,Bicycle theft,3,3,452.287091156533
1024,74,Burglary,1,1,545.0293123781903
1025,74,Criminal damage and arson,1,1,549.466786124846
1026,74,Drugs,2,2,407.2547711663053
1027,74,Other crime,3,3,440.82936915040784
1028,74,Other theft,2,3,721.8113549040526
1029,74,Possession of weapons,1,1,327.51077275034396
1030,74,Public order,1,2,513.4519285422059
1031,74,Robbery,1,1,462.3082706917803
1032,74,Shoplifting,1,1,594.3747242882145
1033,74,Theft from the person,1,1,646.2327394813893
1034,74,Vehicle crime,3,3,557.8684693803078
1035,74,Violence and sexual offences,1,1,649.9571386207622
1036,75,Anti-social behaviour,1,1,775.2737671248494
1037,75,Bicycle theft,2,2,478.768698095859
1038,75,Burglary,1,1,596.1934389014882
1039,75,Criminal damage and arson,2,3,605.9945954915177
1040,75,Drugs,3,1,432.0543877492617
1041,75,Other crime,2,3,469.52756984188227
1042,75,Other theft,1,1,591.001242541958
1043,75,Possession of weapons,1,2,312.57138739497015
1044,75,Public order,3,2,493.1615926604419
1045,75,Robbery,3,2,365.7021269808236
1046,75,Shoplifting,1,1,561.125114434697
1047,75,Theft from the person,1,1,406.6878395127758
1048,75,Vehicle crime,1,1,608.9357227930763
1049,75,Violence and sexual offences,3,3,632.3137559475377
1050,76,Anti-social behaviour,3,3,707.5065047997001
1051,76,Bicycle theft,1,1,247.97680782708287
1052,76,Burglary,1,1,541.5814431413455
1053,76,Criminal damage and arson,1,1,522.8719084876618
1054,76,Drugs,1,1,354.27576016241767
1055,76,Other crime,3,3,389.91780898040304
1056,76,Other theft,2,1,589.7815628402616
1057,76,Possession of weapons,2,1,231.0607865385035
1058,76,Public order,3,3,409.17515091371274
1059,76,Robbery,1,1,343.1538501058558
1060,76,Shoplifting,1,1,514.8160280506893
1061,76,Theft from the person,3,1,221.7367422837135
1062,76,Vehicle crime,1,1,542.7095754894068
1063,76,Violence and sexual offences,1,1,569.2372512867604
1064,77,Anti-social behaviour,2,3,545.1539506372717
1065,77,Bicycle theft,2,2,234.5834595688718
1066,77,Burglary,1,1,415.604540418735
1067,77,Criminal damage and arson,2,2,428.01227090028465
1068,77,Drugs,1,1,366.16833485996386
1069,77,Other crime,3,3,315.7936909360406
1070,77,Other theft,1,1,355.44656743371553
1071,77,Possession of weapons,1,1,183.30602678603975
1072,77,Public order,1,1,387.81633879896566
1073,77,Robbery,1,1,310.90405654220524
1074,77,Shoplifting,1,1,374.0584198572691
1075,77,Theft from the person,2,1,199.90605681778342
1076,77,Vehicle crime,2,3,439.07109024772535
1077,77,Violence and sexual offences,2,3,520.5333142816781
1078,78,Anti-social behaviour,1,3,626.5604655955082
1079,78,Bicycle theft,1,1,257.65947244484835
1080,78,Burglary,2,1,484.7126741245562
1081,78,Criminal damage and arson,3,3,534.7760591466089
1082,78,Drugs,3,3,394.7002932785481
1083,78,Other crime,3,3,421.5786629942784
1084,78,Other theft,1,3,536.5621601504176
1085,78,Possession of weapons,1,1,223.77817064614612
1086,78,Public order,2,1,418.4294666859304
1087,78,Robbery,1,1,321.6051916439499
1088,78,Shoplifting,3,1,415.1756775774668
1089,78,Theft from the person,1,1,190.74559438780545
1090,78,Vehicle crime,2,3,523.6844264147248
1091,78,Violence and sexual offences,2,3,607.9630029438968
1092,79,Anti-social behaviour,2,1,593.374694006828
1093,79,Bicycle theft,2,3,643.8858470722752
1094,79,Burglary,1,1,546.4171215628161
1095,79,Criminal damage and arson,1,1,514.7363206891182
1096,79,Drugs,3,3,299.8694820315915
1097,79,Other crime,3,3,392.3093148651051
1098,79,Other theft,3,1,583.682217915632
1099,79,Possession of weapons,1,2,173.93725557484728
1100,79,Public order,1,3,403.8311683940675
1101,79,Robbery,1,1,329.7816646239835
1102,79,Shoplifting,1,2,458.2508646328267
1103,79,Theft from the person,3,2,296.0782368055435
1104,79,Vehicle crime,2,3,549.4115200483316
1105,79,Violence and sexual offences,2,3,517.7267324922814
1106,80,Anti-social behaviour,1,2,660.8177969508497
1107,80,Bicycle theft,2,2,203.96859737645426
1108,80,Burglary,1,1,529.5608418880972
1109,80,Criminal damage and arson,1,1,473.6150260207377
1110,80,Drugs,2,2,354.8721724999855
1111,80,Other crime,2,3,396.06792502964015
1112,80,Other theft,2,3,508.08048224255407
1113,80,Possession of weapons,3,2,209.16487509170582
1114,80,Public order,2,3,373.559311947666
1115,80,Robbery,2,1,337.6241545702762
1116,80,Shoplifting,1,1,405.17264358603063
1117,80,Theft from the person,2,3,175.27095443914314
1118,80,Vehicle crime,3,3,515.5303711690021
1119,80,Violence and sexual offences,2,3,534.5840603124667
1120,81,Anti-social behaviour,3,2,620.5683408946203
1121,81,Bicycle theft,1,2,281.34713865235955
1122,81,Burglary,1,1,563.7613009999964
1123,81,Criminal damage and arson,2,2,474.8810784192978
1124,81,Drugs,2,2,325.54315739633097
1125,81,Other crime,2,3,396.52877268789143
1126,81,Other theft,1,1,507.32325602140344
1127,81,Possession of weapons,3,3,163.789701288978
1128,81,Public order,2,1,390.3286910152783
1129,81,Robbery,1,1,358.36354146924356
1130,81,Shoplifting,2,3,476.12099160010814
1131,81,Theft from the person,3,1,236.26028659137367
1132,81,Vehicle crime,3,1,523.5931387449625
1133,81,Violence and sexual offences,3,2,538.710091633104
1134,82,Anti-social behaviour,3,3,639.7798021216338
1135,82,Bicycle theft,3,2,316.40298144077843
1136,82,Burglary,1,1,493.45101653909086
1137,82,Criminal damage and arson,1,1,533.8290912368127
1138,82,Drugs,1,2,395.5542672762659
1139,82,Other crime,1,1,402.0832547965545
1140,82,Other theft,1,2,484.8125309902088
1141,82,Possession of weapons,1,1,271.71605322913786
1142,82,Public order,2,1,476.11620933121134
1143,82,Robbery,3,1,387.36647126276034
1144,82,Shoplifting,2,3,352.8830894965952
1145,82,Theft from the person,1,1,390.3087510498541
1146,82,Vehicle crime,3,3,545.7434521037055
1147,82,Violence and sexual offences,2,3,619.6343305960113
1148,83,Anti-social behaviour,3,3,620.3214596256172
1149,83,Bicycle theft,1,1,207.1507900276915
1150,83,Burglary,1,3,491.3718806884864
1151,83,Criminal damage and arson,1,2,472.19381752483207
1152,83,Drugs,3,1,389.40137306521433
1153,83,Other crime,1,2,373.0173466366589
1154,83,Other theft,2,2,459.66665314972727
1155,83,Possession of weapons,1,3,216.95272124665132
1156,83,Public order,2,3,366.64949391041915
1157,83,Robbery,2,3,328.4998478079752
1158,83,Shoplifting,1,1,325.10766757479513
1159,83,Theft from the person,1,1,204.23853528494186
1160,83,Vehicle crime,1,1,548.071526195809
1161,83,Violence and sexual offences,2,3,563.4764939862628
1162,84,Anti-social behaviour,3,3,546.3515059057652
1163,84,Bicycle theft,3,3,258.5915601395675
1164,84,Burglary,1,1,431.55851083638873
1165,84,Criminal damage and arson,1,3,406.1450403879842
1166,84,Drugs,1,1,352.63988662018784
1167,84,Other crime,2,3,277.85804710401743
1168,84,Other theft,1,1,358.5685699725436
1169,84,Possession of weapons,1,2,137.79136743331557
1170,84,Public order,2,3,311.54657327775647
1171,84,Robbery,2,2,317.206535735579
1172,84,Shoplifting,1,1,257.07447404682864
1173,84,Theft from the person,2,1,230.7904714293372
1174,84,Vehicle crime,3,3,407.1243214063246
1175,84,Violence and sexual offences,2,3,496.8427401544276
1176,85,Anti-social behaviour,1,1,652.7836482782188
1177,85,Bicycle theft,1,1,339.9128073955665
1178,85,Burglary,2,3,532.0975469595678
1179,85,Criminal damage and arson,1,1,544.9540499033566
1180,85,Drugs,1,1,373.8154373763292
1181,85,Other crime,3,1,388.63521181247097
1182,85,Other theft,1,1,498.34224033017745
1183,85,Possession of weapons,1,2,188.6628723231763
1184,85,Public order,3,1,431.42890062369173
1185,85,Robbery,3,3,343.53016734135696
1186,85,Shoplifting,1,1,468.71275659743907
1187,85,Theft from the person,3,1,326.6491967914872
1188,85,Vehicle crime,2,1,536.5396710877053
1189,85,Violence and sexual offences,1,1,585.2274170265769
1190,86,Anti-social behaviour,2,3,597.8530689126916
1191,86,Bicycle theft,2,2,215.45692300968594
1192,86,Burglary,3,3,454.07415951342807
1193,86,Criminal damage and arson,2,2,515.9090117914666
1194,86,Drugs,3,2,355.10628674097563
1195,86,Other crime,1,1,339.21994780609515
1196,86,Other theft,1,1,458.2585245361285
1197,86,Possession of weapons,3,3,234.48424053171502
1198,86,Public order,1,1,410.7132263653744
1199,86,Robbery,1,2,312.68553319792414
1200,86,Shoplifting,3,3,281.20679510796145
1201,86,Theft from the person,3,2,244.5782752109985
1202,86,Vehicle crime,1,1,503.08603847703114
1203,86,Violence and sexual offences,1,1,584.1959743686294
1204,87,Anti-social behaviour,1,3,546.3914196729366
1205,87,Bicycle theft,2,3,416.92353443673994
1206,87,Burglary,2,2,489.928039268337
1207,87,Criminal damage and arson,3,2,462.0017212516696
1208,87,Drugs,1,1,333.5226506803805
1209,87,Other crime,2,3,371.59081480414454
1210,87,Other theft,1,2,493.828065572938
1211,87,Possession of weapons,2,3,155.77988380658957
1212,87,Public order,3,2,363.03623868788236
1213,87,Robbery,2,1,263.5649570334249
1214,87,Shoplifting,2,3,308.0580003025743
1215,87,Theft from the person,1,1,196.92920854071622
1216,87,Vehicle crime,3,3,504.6462328110364
1217,87,Violence and sexual offences,1,2,529.8769258410914
1218,88,Anti-social behaviour,1,1,553.6107056295442
1219,88,Bicycle theft,3,1,315.63019880034136
1220,88,Burglary,1,1,482.3973349337675
1221,88,Criminal damage and arson,3,3,438.802386808664
1222,88,Drugs,1,1,316.5034046256893
1223,88,Other crime,1,2,296.7946099603192
1224,88,Other theft,1,2,389.9923369364338
1225,88,Possession of weapons,2,2,76.43959233931376
1226,88,Public order,3,3,310.4135823642308
1227,88,Robbery,1,1,347.4929615801868
1228,88,Shoplifting,2,2,-3.234629747752809
1229,88,Theft from the person,2,2,183.43224067489209
1230,88,Vehicle crime,1,1,464.27756761960114
1231,88,Violence and sexual offences,3,3,487.72415539651746
1232,89,Anti-social behaviour,2,3,622.1914721393231
1233,89,Bicycle theft,3,2,244.17394951924044
1234,89,Burglary,2,2,495.8310867068568
1235,89,Criminal damage and arson,2,2,477.03887792567684
1236,89,Drugs,1,2,344.74547255983765
1237,89,Other crime,1,2,312.2926505435547
1238,89,Other theft,1,1,447.7456348376278
1239,89,Possession of weapons,2,2,181.11218112861522
1240,89,Public order,1,1,413.3160805010756
1241,89,Robbery,1,1,363.76327004163454
1242,89,Shoplifting,1,1,481.22390915632366
1243,89,Theft from the person,2,2,258.1834356138462
1244,89,Vehicle crime,1,1,495.32043005464277
1245,89,Violence and sexual offences,2,1,549.417166410325
1246,90,Anti-social behaviour,2,1,668.9122737087337
1247,90,Bicycle theft,1,1,280.5292121889188
1248,90,Burglary,1,1,522.6667647836064
1249,90,Criminal damage and arson,2,3,543.782913378006
1250,90,Drugs,3,1,509.609279835706
1251,90,Other crime,1,1,435.60757133597406
1252,90,Other theft,2,3,529.3824224823124
1253,90,Possession of weapons,1,1,286.8816189244642
1254,90,Public order,1,1,450.7118389389557
1255,90,Robbery,3,2,354.00624600746545
1256,90,Shoplifting,1,1,465.42546283338817
1257,90,Theft from the person,1,1,246.0966992886079
1258,90,Vehicle crime,1,1,555.2183030766349
1259,90,Violence and sexual offences,2,1,588.2509514833288
1260,91,Anti-social behaviour,1,1,589.8529068404877
1261,91,Bicycle theft,2,3,279.5111437602111
1262,91,Burglary,2,3,498.48535747115307
1263,91,Criminal damage and arson,1,2,456.46653729101126
1264,91,Drugs,2,2,319.46897189308027
1265,91,Other crime,1,1,354.4373288220354
1266,91,Other theft,1,1,527.2175412993637
1267,91,Possession of weapons,3,1,155.33389462310444
1268,91,Public order,1,2,375.6149841733472
1269,91,Robbery,1,1,251.25487065744554
1270,91,Shoplifting,2,2,427.5097216229107
1271,91,Theft from the person,3,2,333.34666249761796
1272,91,Vehicle crime,1,1,500.89883478974264
1273,91,Violence and sexual offences,2,3,556.1031438603529
1274,92,Anti-social behaviour,3,3,671.3562192838868
1275,92,Bicycle theft,3,2,369.61852112676297
1276,92,Burglary,1,1,537.0847711368867
1277,92,Criminal damage and arson,1,1,559.9117223901686
1278,92,Drugs,3,1,386.23541051497915
1279,92,Other crime,1,1,416.6666349714156
1280,92,Other theft,1,2,492.73453827053055
1281,92,Possession of weapons,1,1,260.4314445921425
1282,92,Public order,1,3,441.2579072455983
1283,92,Robbery,1,1,368.7980584044696
1284,92,Shoplifting,3,3,419.9383542728177
1285,92,Theft from the person,3,3,321.2953230402853
1286,92,Vehicle crime,3,2,494.13050646552597
1287,92,Violence and sexual offences,2,3,618.6482193334908
1288,93,Anti-social behaviour,1,1,528.582595204182
1289,93,Bicycle theft,2,2,163.33927901958842
1290,93,Burglary,2,3,489.9699997860864
1291,93,Criminal damage and arson,3,3,424.7979161578409
1292,93,Drugs,1,1,312.6537588564296
1293,93,Other crime,3,2,414.81240921286434
1294,93,Other theft,2,3,474.1271087128788
1295,93,Possession of weapons,1,3,162.37591657070024
1296,93,Public order,1,1,329.0485415950068
1297,93,Robbery,1,1,215.79381372828448
1298,93,Shoplifting,1,1,535.573788181374
1299,93,Theft from the person,3,2,323.99468768578265
1300,93,Vehicle crime,2,2,503.38958249579275
1301,93,Violence and sexual offences,1,1,489.4182912684317
1302,94,Anti-social behaviour,1,1,624.8109566944289
1303,94,Bicycle theft,3,2,200.528163392441
1304,94,Burglary,2,2,428.0439321532135
1305,94,Criminal damage and arson,1,1,522.0261547855426
1306,94,Drugs,1,1,348.6305471934022
1307,94,Other crime,1,3,349.6613099712899
1308,94,Other theft,1,2,435.9405215466338
1309,94,Possession of weapons,2,2,213.0511993020002
1310,94,Public order,1,1,400.1327031285988
1311,94,Robbery,1,1,321.3187035069574
1312,94,Shoplifting,3,1,197.3889294602517
1313,94,Theft from the person,2,2,166.47547349809236
1314,94,Vehicle crime,1,1,433.7279788431931
1315,94,Violence and sexual offences,3,3,566.2064154705064
1316,95,Anti-social behaviour,1,1,605.4187282453711
1317,95,Bicycle theft,1,2,244.82826451587846
1318,95,Burglary,1,2,501.40671084810305
1319,95,Criminal damage and arson,2,3,443.2408827577202
1320,95,Drugs,1,1,343.5134358359738
1321,95,Other crime,1,1,340.75532767509645
1322,95,Other theft,2,3,423.82200745059527
1323,95,Possession of weapons,1,1,195.71119773454382
1324,95,Public order,1,1,358.5222517402127
1325,95,Robbery,2,3,301.80578367599475
1326,95,Shoplifting,1,1,437.05317307061046
1327,95,Theft from the person,2,2,133.40060290577017
1328,95,Vehicle crime,2,2,497.8606142071978
1329,95,Violence and sexual offences,2,1,544.4790037211179
1330,96,Anti-social behaviour,2,1,616.3357664397228
1331,96,Bicycle theft,3,3,382.67973451935944
1332,96,Burglary,1,1,564.9298043041349
1333,96,Criminal damage and arson,1,1,470.02830084271756
1334,96,Drugs,1,1,368.4821148695878
1335,96,Other crime,1,1,398.429557332553
1336,96,Other theft,1,1,477.76672937359297
1337,96,Possession of weapons,1,1,173.82923711204694
1338,96,Public order,1,1,396.2089228747039
1339,96,Robbery,3,3,420.0815163228236
1340,96,Shoplifting,1,1,490.0390730603441
1341,96,Theft from the person,1,1,276.1196043143174
1342,96,Vehicle crime,1,1,535.3666043789273
1343,96,Violence and sexual offences,1,2,531.6014740096705
1344,97,Anti-social behaviour,2,3,584.7612096897227
1345,97,Bicycle theft,2,3,253.48721688970798
1346,97,Burglary,2,3,481.6053835087713
1347,97,Criminal damage and arson,1,1,470.35189894406346
1348,97,Drugs,1,1,346.826184553782
1349,97,Other crime,2,3,356.4966104780435
1350,97,Other theft,3,3,498.88365540357023
1351,97,Possession of weapons,2,3,186.4817046812498
1352,97,Public order,3,1,360.564751247538
1353,97,Robbery,1,2,366.70122531911244
1354,97,Shoplifting,2,2,374.1515005558507
1355,97,Theft from the person,1,2,156.1098701948538
1356,97,Vehicle crime,1,1,514.3997722153865
1357,97,Violence and sexual offences,2,3,547.9596670948272
1358,98,Anti-social behaviour,1,2,593.4469205733714
1359,98,Bicycle theft,1,1,234.04862994677367
1360,98,Burglary,2,1,512.6890902669686
1361,98,Criminal damage and arson,2,2,453.798022616293
1362,98,Drugs,2,2,283.6607757762711
1363,98,Other crime,2,3,359.78729341489804
1364,98,Other theft,2,3,439.4110157505551
1365,98,Possession of weapons,3,3,193.58997936663997
1366,98,Public order,1,1,377.1412583802766
1367,98,Robbery,1,1,305.37385829497447
1368,98,Shoplifting,3,3,389.0475987215129
1369,98,Theft from the person,2,2,198.43698036108248
1370,98,Vehicle crime,1,1,491.4382517133086
1371,98,Violence and sexual offences,1,1,515.1858688073027
1372,99,Anti-social behaviour,3,3,621.0287235704294
1373,99,Bicycle theft,2,2,276.0246623304747
1374,99,Burglary,2,3,502.9921464732865
1375,99,Criminal damage and arson,1,2,518.875762429398
1376,99,Drugs,2,1,324.3337615931447
1377,99,Other crime,1,1,339.0319124100845
1378,99,Other theft,1,1,473.2774562270602
1379,99,Possession of weapons,1,1,201.6975393992303
1380,99,Public order,2,1,403.3958096877659
1381,99,Robbery,3,3,319.5454381035968
1382,99,Shoplifting,1,1,404.7298014495616
1383,99,Theft from the person,1,1,207.64664511821357
1384,99,Vehicle crime,1,1,506.350788350018
1385,99,Violence and sexual offences,2,2,549.3478297064837
1386,100,Anti-social behaviour,1,1,574.7843071346966
1387,100,Bicycle theft,1,1,306.20017437770184
1388,100,Burglary,1,1,509.846343987801
1389,100,Criminal damage and arson,3,3,473.9439405498832
1390,100,Drugs,1,1,312.84963577616236
1391,100,Other crime,3,3,16.0
1392,100,Other theft,2,2,435.330049261163
1393,100,Possession of weapons,2,2,168.711286939391
1394,100,Public order,1,1,341.7850101903473
1395,100,Robbery,1,1,258.1015232640265
1396,100,Shoplifting,1,1,178.55899224274236
1397,100,Theft from the person,1,1,122.1012377253548
1398,100,Vehicle crime,3,3,510.6528174351881
1399,100,Violence and sexual offences,1,1,539.0497922031709
1400,101,Anti-social behaviour,3,2,680.7059451170874
1401,101,Bicycle theft,2,3,237.928515864663
1402,101,Burglary,1,1,524.616537624722
1403,101,Criminal damage and arson,1,1,550.1073601391935
1404,101,Drugs,2,2,325.3783595621342
1405,101,Other crime,3,3,400.96923272819885
1406,101,Other theft,2,3,480.8431679734047
1407,101,Possession of weapons,1,2,272.05576780981716
1408,101,Public order,3,3,431.3612251810319
1409,101,Robbery,3,2,333.66587308845703
1410,101,Shoplifting,2,2,449.2296072762358
1411,101,Theft from the person,2,3,160.57555392382517
1412,101,Vehicle crime,3,3,445.5083255584314
1413,101,Violence and sexual offences,1,1,604.605196729798
1414,102,Anti-social behaviour,2,3,583.9111390234699
1415,102,Bicycle theft,2,1,190.25663283183573
1416,102,Burglary,2,1,444.9608341171167
1417,102,Criminal damage and arson,1,1,479.4358308597487
1418,102,Drugs,3,2,350.278655778903
1419,102,Other crime,1,1,344.4549407806735
1420,102,Other theft,2,2,415.27673886821435
1421,102,Possession of weapons,1,1,164.13858783114208
1422,102,Public order,3,3,369.00087703586695
1423,102,Robbery,3,1,280.3037260580257
1424,102,Shoplifting,2,1,252.19961077864963
1425,102,Theft from the person,2,3,193.86466784416837
1426,102,Vehicle crime,2,1,504.2154529232442
1427,102,Violence and sexual offences,2,3,573.5208088321173
1428,103,Anti-social behaviour,1,1,654.4978358944204
1429,103,Bicycle theft,3,2,268.72204068156634
1430,103,Burglary,3,3,495.01782587227837
1431,103,Criminal damage and arson,2,2,518.0320338044323
1432,103,Drugs,2,3,317.73470647569127
1433,103,Other crime,2,1,329.7258309167416
1434,103,Other theft,3,2,432.83578087890976
1435,103,Possession of weapons,1,1,137.51705261438633
1436,103,Public order,2,3,378.1619333149711
1437,103,Robbery,1,1,280.9247983496568
1438,103,Shoplifting,1,2,297.45592289976486
1439,103,Theft from the person,2,2,115.80051432138502
1440,103,Vehicle crime,1,1,469.9770670700682
1441,103,Violence and sexual offences,3,3,548.8637706652296
1442,104,Anti-social behaviour,2,1,622.2277789103662
1443,104,Bicycle theft,1,1,367.93688019693
1444,104,Burglary,2,2,532.0544004938124
1445,104,Criminal damage and arson,1,1,498.0645053063186
1446,104,Drugs,3,3,350.9615778893553
1447,104,Other crime,3,2,385.1297694235315
1448,104,Other theft,3,3,491.49345544758364
1449,104,Possession of weapons,2,3,241.18955477279047
1450,104,Public order,1,3,406.8219839995829
1451,104,Robbery,1,1,349.43460528052225
1452,104,Shoplifting,1,1,580.622533584912
1453,104,Theft from the person,1,1,353.9387105859622
1454,104,Vehicle crime,1,1,512.7340090281425
1455,104,Violence and sexual offences,1,1,559.2576287394588
1456,105,Anti-social behaviour,1,1,593.8712072855951
1457,105,Bicycle theft,1,1,274.946774329807
1458,105,Burglary,1,1,505.967530201241
1459,105,Criminal damage and arson,3,3,432.47785599309736
1460,105,Drugs,3,1,296.7395458454188
1461,105,Other crime,2,3,349.67684087240724
1462,105,Other theft,1,1,377.65937923721754
1463,105,Possession of weapons,1,1,154.16456424305449
1464,105,Public order,1,1,359.0641627022244
1465,105,Robbery,3,2,303.0044249522403
1466,105,Shoplifting,1,2,306.55340468360515
1467,105,Theft from the person,1,1,154.49518713142635
1468,105,Vehicle crime,1,1,521.1989683588607
1469,105,Violence and sexual offences,1,1,524.8108822981155
1470,106,Anti-social behaviour,1,1,654.9237018675317
1471,106,Bicycle theft,3,1,213.70227580918316
1472,106,Burglary,1,1,498.5335085767693
1473,106,Criminal damage and arson,2,2,474.20651686907746
1474,106,Drugs,1,1,343.62021465156585
1475,106,Other crime,3,2,382.5437962034976
1476,106,Other theft,1,1,455.91417837676113
1477,106,Possession of weapons,3,3,212.95130034953598
1478,106,Public order,2,1,380.168237914651
1479,106,Robbery,3,2,305.50960816362357
1480,106,Shoplifting,2,2,370.97310199860556
1481,106,Theft from the person,2,2,186.4547955864142
1482,106,Vehicle crime,2,3,512.1226259080286
1483,106,Violence and sexual offences,1,1,547.2332747563493
1484,107,Anti-social behaviour,2,2,618.9743040693122
1485,107,Bicycle theft,1,1,218.56914527644807
1486,107,Burglary,2,3,520.2876054380063
1487,107,Criminal damage and arson,1,2,470.1909474126272
1488,107,Drugs,1,1,300.13740283636236
1489,107,Other crime,1,1,344.328398695466
1490,107,Other theft,2,3,451.58029159564813
1491,107,Possession of weapons,1,1,144.32544955984952
1492,107,Public order,1,1,377.07999634292185
1493,107,Robbery,1,1,304.9057179519519
1494,107,Shoplifting,3,2,426.3488728402387
1495,107,Theft from the person,1,3,149.83321595717388
1496,107,Vehicle crime,2,1,432.00479327721087
1497,107,Violence and sexual offences,2,3,508.1943111266004
1498,108,Anti-social behaviour,1,1,526.0074285498252
1499,108,Bicycle theft,1,1,167.96037689811862
1500,108,Burglary,1,1,463.9249569443078
1501,108,Criminal damage and arson,1,1,395.0802038226162
1502,108,Drugs,1,1,239.8843153556596
1503,108,Other crime,3,2,304.122217963016
1504,108,Other theft,1,1,331.8962555173059
1505,108,Possession of weapons,2,1,98.12510539948688
1506,108,Public order,1,1,278.93742092564224
1507,108,Robbery,2,1,194.28537266252474
1508,108,Shoplifting,3,1,356.39712354623356
1509,108,Theft from the person,1,1,93.22658461321926
1510,108,Vehicle crime,2,2,442.23210843442047
1511,108,Violence and sexual offences,3,1,446.155774470904
1512,109,Anti-social behaviour,1,1,610.7589008748045
1513,109,Bicycle theft,1,1,316.05172251662265
1514,109,Burglary,2,3,554.0319280235818
1515,109,Criminal damage and arson,2,1,532.6901302132945
1516,109,Drugs,1,3,356.01889050632224
1517,109,Other crime,2,1,345.2766288193956
1518,109,Other theft,1,2,518.9246478483548
1519,109,Possession of weapons,3,3,208.32144776685396
1520,109,Public order,1,1,378.6509976471859
1521,109,Robbery,2,1,308.19895914491576
1522,109,Shoplifting,1,1,480.0371890840133
1523,109,Theft from the person,1,1,224.5830868817607
1524,109,Vehicle crime,1,1,553.8251338612316
1525,109,Violence and sexual offences,1,1,515.5833577966165
1526,110,Anti-social behaviour,3,2,615.401911191959
1527,110,Bicycle theft,3,1,371.6868103271682
1528,110,Burglary,1,1,628.923221121289
1529,110,Criminal damage and arson,1,1,465.0122299345564
1530,110,Drugs,1,1,400.6015470960281
1531,110,Other crime,2,3,374.0534176168539
1532,110,Other theft,1,1,516.5677653574094
1533,110,Possession of weapons,2,3,165.35706333956227
1534,110,Public order,2,3,373.6364175464332
1535,110,Robbery,1,1,349.3813298947952
1536,110,Shoplifting,1,1,495.7442552250754
1537,110,Theft from the person,3,3,289.2733242627031
1538,110,Vehicle crime,2,1,513.1922143481936
1539,110,Violence and sexual offences,1,1,525.7528298900576
1540,111,Anti-social behaviour,1,2,800.4569053231178
1541,111,Bicycle theft,3,2,623.3165005428539
1542,111,Burglary,1,1,625.952417681122
1543,111,Criminal damage and arson,3,2,580.5683236990335
1544,111,Drugs,2,3,559.0665321695925
1545,111,Other crime,1,3,572.835300656326
1546,111,Other theft,1,1,883.192062017909
1547,111,Possession of weapons,3,3,381.9430051811747
1548,111,Public order,3,1,648.3033279302127
1549,111,Robbery,1,1,530.7866480409325
1550,111,Shoplifting,1,1,758.8575435554586
1551,111,Theft from the person,1,1,827.5925880442153
1552,111,Vehicle crime,2,1,646.6835774830554
1553,111,Violence and sexual offences,3,2,773.4910913960172
1554,112,Anti-social behaviour,1,2,618.5984260741621
1555,112,Bicycle theft,1,2,391.8061056093781
1556,112,Burglary,1,1,568.3069201422093
1557,112,Criminal damage and arson,3,3,529.6181252912227
1558,112,Drugs,3,3,365.76332655240566
1559,112,Other crime,1,1,406.0783804750439
1560,112,Other theft,1,3,540.3432879700441
1561,112,Possession of weapons,2,1,226.32604662456635
1562,112,Public order,1,1,407.31847831522447
1563,112,Robbery,2,3,321.56115857100883
1564,112,Shoplifting,1,1,552.5843004988894
1565,112,Theft from the person,3,3,335.59534058538173
1566,112,Vehicle crime,1,1,576.220682497708
1567,112,Violence and sexual offences,1,2,551.8177887973811
1568,113,Anti-social behaviour,2,2,508.9089046532605
1569,113,Bicycle theft,3,2,167.4978856715138
1570,113,Burglary,2,3,454.138046597033
1571,113,Criminal damage and arson,2,2,407.8363763097651
1572,113,Drugs,1,2,253.24644476084725
1573,113,Other crime,3,2,229.61609186839556
1574,113,Other theft,1,1,337.4382766426421
1575,113,Possession of weapons,2,2,102.50386759555829
1576,113,Public order,1,1,288.25104935907416
1577,113,Robbery,1,1,249.41607255003612
1578,113,Shoplifting,1,1,-1779.1771423606995
1579,113,Theft from the person,1,1,55.406860853368784
1580,113,Vehicle crime,3,3,414.9159981912754
1581,113,Violence and sexual offences,1,1,455.7408789243696
1582,115,Anti-social behaviour,1,1,610.4221120312606
1583,115,Bicycle theft,3,2,180.34071773268428
1584,115,Burglary,2,1,425.59390395966597
1585,115,Criminal damage and arson,3,1,399.30496195458124
1586,115,Drugs,1,3,237.43260281737932
1587,115,Other crime,2,2,222.65600137366263
1588,115,Other theft,1,1,346.5208350762661
1589,115,Possession of weapons,3,1,70.35019461775514
1590,115,Public order,2,2,277.9281813821074
1591,115,Robbery,2,3,276.97521912407905
1592,115,Shoplifting,1,1,133.8774816894002
1593,115,Theft from the person,3,2,81.22826979328028
1594,115,Vehicle crime,3,3,394.53458943674025
1595,115,Violence and sexual offences,1,1,460.85941512132064
1596,116,Anti-social behaviour,1,3,521.025495510256
1597,116,Bicycle theft,3,1,159.31680373379209
1598,116,Burglary,1,1,418.84186557728134
1599,116,Criminal damage and arson,2,2,436.0468733973107
1600,116,Drugs,1,2,269.15223387894133
1601,116,Other crime,2,3,265.80380568105113
1602,116,Other theft,1,1,373.83213596967624
1603,116,Possession of weapons,2,2,163.8162159029798
1604,116,Public order,1,1,341.5359819311337
1605,116,Robbery,1,2,280.16227483920534
1606,116,Shoplifting,1,1,432.5192538744187
1607,116,Theft from the person,1,2,211.85338974627305
1608,116,Vehicle crime,1,1,421.83884042813133
1609,116,Violence and sexual offences,1,1,464.44708570079507
1610,117,Anti-social behaviour,1,1,500.7309361509219
1611,117,Bicycle theft,1,1,163.7901859007855
1612,117,Burglary,1,1,401.3467536495871
1613,117,Criminal damage and arson,2,2,388.9265373646211
1614,117,Drugs,1,1,189.70070458467825
1615,117,Other crime,1,3,254.82497572497684
1616,117,Other theft,2,3,354.4437165301057
1617,117,Possession of weapons,1,1,33.385603882446205
1618,117,Public order,1,1,276.39869544028716
1619,117,Robbery,2,3,201.94433402326752
1620,117,Shoplifting,2,3,203.46743389087186
1621,117,Theft from the person,2,2,37.22052723217856
1622,117,Vehicle crime,1,1,416.8084667128028
1623,117,Violence and sexual offences,1,1,462.13849183520784
1624,118,Anti-social behaviour,2,3,479.6950810876803
1625,118,Bicycle theft,2,2,137.9041590512723
1626,118,Burglary,2,2,466.03370985062855
1627,118,Criminal damage and arson,1,1,397.2461860968831
1628,118,Drugs,2,2,220.77809298784283
1629,118,Other crime,2,3,216.85342816251935
1630,118,Other theft,2,2,347.5304454633731
1631,118,Possession of weapons,1,1,111.5658384885061
1632,118,Public order,1,1,238.42189587051323
1633,118,Robbery,3,1,239.3226176268219
1634,118,Shoplifting,1,1,243.21297667055958
1635,118,Theft from the person,1,1,50.28399909738731
1636,118,Vehicle crime,1,1,471.45641711243144
1637,118,Violence and sexual offences,1,1,460.3022689952354
1638,119,Anti-social behaviour,1,2,590.062322267497
1639,119,Bicycle theft,3,2,175.69484488648084
1640,119,Burglary,1,1,404.62989257162957
1641,119,Criminal damage and arson,2,2,463.89372215874937
1642,119,Drugs,2,2,236.80271734562066
1643,119,Other crime,1,2,283.78514837579223
1644,119,Other theft,1,2,477.06435507531114
1645,119,Possession of weapons,3,1,159.98739331060673
1646,119,Public order,1,1,338.2697639142646
1647,119,Robbery,3,2,240.40306518829382
1648,119,Shoplifting,2,2,501.2798060667452
1649,119,Theft from the person,1,1,194.982226135695
1650,119,Vehicle crime,1,1,436.4955570240788
1651,119,Violence and sexual offences,2,3,492.76358950499787
1652,120,Anti-social behaviour,2,1,513.7921581419265
1653,120,Bicycle theft,1,2,232.5919697970288
1654,120,Burglary,2,2,451.7065558637288
1655,120,Criminal damage and arson,3,3,427.8676912247968
1656,120,Drugs,1,1,257.3171303479459
1657,120,Other crime,1,2,317.9155808512306
1658,120,Other theft,1,2,407.80876478028415
1659,120,Possession of weapons,1,1,148.79596210487867
1660,120,Public order,1,1,287.9364799027046
1661,120,Robbery,2,2,342.3400282747586
1662,120,Shoplifting,1,2,472.5343101301949
1663,120,Theft from the person,1,1,270.7065384756712
1664,120,Vehicle crime,2,3,440.92994057354457
1665,120,Violence and sexual offences,2,3,451.330919388254
1666,121,Anti-social behaviour,1,3,595.7714300051587
1667,121,Bicycle theft,2,1,158.93690610781124
1668,121,Burglary,1,1,518.1687344587019
1669,121,Criminal damage and arson,3,3,537.401450970406
1670,121,Drugs,2,3,322.83854903285254
1671,121,Other crime,2,3,310.63344665259405
1672,121,Other theft,3,2,504.4755077876934
1673,121,Possession of weapons,2,3,146.68727381753166
1674,121,Public order,1,1,337.98588293120287
1675,121,Robbery,1,1,301.5655083042744
1676,121,Shoplifting,3,2,212.59578548099427
1677,121,Theft from the person,1,1,61.52917307791573
1678,121,Vehicle crime,2,2,406.61845220354235
1679,121,Violence and sexual offences,1,1,510.6705733278865
1680,122,Anti-social behaviour,1,3,572.5670670670387
1681,122,Bicycle theft,1,1,217.90193209541894
1682,122,Burglary,3,1,418.1180826718045
1683,122,Criminal damage and arson,1,1,402.9258210003092
1684,122,Drugs,1,2,222.2670114423297
1685,122,Other crime,2,3,299.3051066355871
1686,122,Other theft,2,2,385.07836086888403
1687,122,Possession of weapons,2,2,149.76934825941274
1688,122,Public order,1,1,342.4092778797031
1689,122,Robbery,1,1,271.95078760635806
1690,122,Shoplifting,1,1,485.5429652556674
1691,122,Theft from the person,2,1,166.15245653704298
1692,122,Vehicle crime,3,3,481.22752772071124
1693,122,Violence and sexual offences,3,1,447.12863222013476
1694,123,Anti-social behaviour,1,1,569.6356379511162
1695,123,Bicycle theft,2,2,165.3499286412241
1696,123,Burglary,1,3,456.2674407656942
1697,123,Criminal damage and arson,1,1,462.9270966906433
1698,123,Drugs,1,1,276.7892931079446
1699,123,Other crime,2,3,248.063901333162
1700,123,Other theft,1,1,360.13050733185077
1701,123,Possession of weapons,3,3,107.09274850972271
1702,123,Public order,1,1,299.53759300129695
1703,123,Robbery,1,1,287.92304574420876
1704,123,Shoplifting,1,2,329.34321211155185
1705,123,Theft from the person,1,1,37.89101716928296
1706,123,Vehicle crime,2,1,413.764707271917
1707,123,Violence and sexual offences,3,3,463.4704499404814
1708,124,Anti-social behaviour,2,3,544.9938893967632
1709,124,Bicycle theft,1,1,232.4960550449932
1710,124,Burglary,2,3,431.02048495057403
1711,124,Criminal damage and arson,2,2,427.0654529091349
1712,124,Drugs,1,1,285.7636918920318
1713,124,Other crime,1,1,327.21882554034045
1714,124,Other theft,2,3,369.22745013450185
1715,124,Possession of weapons,3,3,186.52792708089135
1716,124,Public order,2,3,343.21132764372277
1717,124,Robbery,1,2,325.6587254945993
1718,124,Shoplifting,1,2,453.1087136077513
1719,124,Theft from the person,1,1,219.57666356287135
1720,124,Vehicle crime,1,1,462.70463049649584
1721,124,Violence and sexual offences,2,1,484.82654366447093
1722,125,Anti-social behaviour,1,1,617.6524412034462
1723,125,Bicycle theft,2,1,171.99016983061017
1724,125,Burglary,3,2,456.1180018917744
1725,125,Criminal damage and arson,1,1,517.0827273092141
1726,125,Drugs,2,3,305.1891782332458
1727,125,Other crime,2,3,303.52617063279087
1728,125,Other theft,1,1,407.02796880776754
1729,125,Possession of weapons,1,1,189.56648051126786
1730,125,Public order,2,1,322.0827427866377
1731,125,Robbery,2,2,302.59270001982225
1732,125,Shoplifting,1,1,278.40787479048123
1733,125,Theft from the person,1,1,68.26915753859488
1734,125,Vehicle crime,1,2,510.0951299052314
1735,125,Violence and sexual offences,1,3,532.6489751063615
1736,126,Anti-social behaviour,1,3,612.7804942264557
1737,126,Bicycle theft,2,1,187.21649868980572
1738,126,Burglary,1,1,442.4358114839959
1739,126,Criminal damage and arson,1,1,457.7980651609178
1740,126,Drugs,2,2,274.45189054961367
1741,126,Other crime,1,1,311.3905794227885
1742,126,Other theft,1,1,372.51305099952856
1743,126,Possession of weapons,1,1,207.35850364423678
1744,126,Public order,1,1,333.197603649768
1745,126,Robbery,1,1,341.0754304172394
1746,126,Shoplifting,3,2,329.53375517283513
1747,126,Theft from the person,2,1,143.926497955211
1748,126,Vehicle crime,1,1,445.3443348290207
1749,126,Violence and sexual offences,1,1,533.8401581121591
1750,127,Anti-social behaviour,3,2,498.4564905646314
1751,127,Bicycle theft,2,2,105.63350124941147
1752,127,Burglary,3,2,414.2814543519726
1753,127,Criminal damage and arson,2,2,420.7151796023335
1754,127,Drugs,2,2,223.0455421590318
1755,127,Other crime,3,2,266.351502429177
1756,127,Other theft,1,2,405.24137699674
1757,127,Possession of weapons,2,3,83.53463770814497
1758,127,Public order,1,1,280.01520317525865
1759,127,Robbery,1,1,250.41734518342284
1760,127,Shoplifting,1,1,288.7177327339556
1761,127,Theft from the person,2,3,81.55124438654475
1762,127,Vehicle crime,3,1,430.134873511362
1763,127,Violence and sexual offences,1,1,423.8820344552619
1764,128,Anti-social behaviour,2,2,647.4998738978392
1765,128,Bicycle theft,1,1,198.17211694534348
1766,128,Burglary,1,1,472.3028219091116
1767,128,Criminal damage and arson,2,1,530.8855846939821
1768,128,Drugs,1,3,296.43778840432583
1769,128,Other crime,2,3,295.3895442690401
1770,128,Other theft,1,1,391.30538996253466
1771,128,Possession of weapons,3,1,167.8767107808977
1772,128,Public order,3,3,324.1000646485425
1773,128,Robbery,2,2,288.93495969106493
1774,128,Shoplifting,2,2,256.1734344918838
1775,128,Theft from the person,1,1,78.67204231347166
1776,128,Vehicle crime,2,3,412.25465366314893
1777,128,Violence and sexual offences,3,1,491.1738592731489
1778,129,Anti-social behaviour,3,2,559.322482255891
1779,129,Bicycle theft,1,1,171.30597535530922
1780,129,Burglary,1,1,391.5224883337593
1781,129,Criminal damage and arson,2,2,419.3959465390535
1782,129,Drugs,3,2,265.54056335062927
1783,129,Other crime,2,2,252.8093750162472
1784,129,Other theft,3,3,342.48208166316346
1785,129,Possession of weapons,2,3,202.8354471894285
1786,129,Public order,2,3,263.4522432163614
1787,129,Robbery,1,1,230.54919624130164
1788,129,Shoplifting,1,1,316.23474665860414
1789,129,Theft from the person,1,1,34.70701925039464
1790,129,Vehicle crime,1,1,455.1675382021317
1791,129,Violence and sexual offences,2,3,467.35423659426476
1792,130,Anti-social behaviour,1,1,587.515777950818
1793,130,Bicycle theft,1,3,184.63218713688786
1794,130,Burglary,1,1,388.9322273194807
1795,130,Criminal damage and arson,1,1,402.83453823866864
1796,130,Drugs,1,1,236.7809561366634
1797,130,Other crime,1,1,336.2192361705627
1798,130,Other theft,3,1,496.858365368432
1799,130,Possession of weapons,2,2,100.47194470028684
1800,130,Public order,3,2,297.73764152248623
1801,130,Robbery,2,2,272.43752648791
1802,130,Shoplifting,1,1,364.72125225349527
1803,130,Theft from the person,1,2,173.85832371067684
1804,130,Vehicle crime,1,1,465.40841952207603
1805,130,Violence and sexual offences,1,2,470.65999106443536
1806,131,Anti-social behaviour,1,1,527.679467100435
1807,131,Bicycle theft,3,2,165.98058612831997
1808,131,Burglary,3,3,380.2353522298214
1809,131,Criminal damage and arson,1,1,492.8223936042103
1810,131,Drugs,1,1,201.25603664630296
1811,131,Other crime,2,1,274.01316037139173
1812,131,Other theft,3,2,379.9173070166685
1813,131,Possession of weapons,2,2,44.43394301000387
1814,131,Public order,3,3,259.0120998551822
1815,131,Robbery,2,3,232.7029776550519
1816,131,Shoplifting,1,1,389.7702049212347
1817,131,Theft from the person,2,2,72.00596296422441
1818,131,Vehicle crime,1,1,457.5617871541183
1819,131,Violence and sexual offences,1,2,444.28215207308773
1820,132,Anti-social behaviour,1,1,389.97816751653505
1821,132,Bicycle theft,1,2,100.8260386861803
1822,132,Burglary,2,3,423.25968239292246
1823,132,Criminal damage and arson,1,2,369.31317942431633
1824,132,Drugs,2,1,223.7881507054593
1825,132,Other crime,2,1,170.7869465594224
1826,132,Other theft,2,2,271.1927469887326
1827,132,Possession of weapons,3,1,31.68878343196276
1828,132,Public order,2,1,203.39540563681965
1829,132,Robbery,2,2,214.4624335930379
1830,132,Shoplifting,3,1,76.86440052607226
1831,132,Theft from the person,1,3,-7.945581722235026
1832,132,Vehicle crime,1,1,451.1876735860228
1833,132,Violence and sexual offences,2,1,409.8162646785935
1834,133,Anti-social behaviour,3,3,488.0208078339189
1835,133,Bicycle theft,1,1,52.30868245831771
1836,133,Burglary,1,2,444.1133501322416
1837,133,Criminal damage and arson,2,2,354.3108928451376
1838,133,Drugs,1,2,280.5166007650711
1839,133,Other crime,3,1,293.29408472907943
1840,133,Other theft,2,2,390.803063132012
1841,133,Possession of weapons,1,2,95.51583144656381
1842,133,Public order,1,1,309.1280582600657
1843,133,Robbery,1,1,303.16531528173675
1844,133,Shoplifting,3,2,89.37952373142478
1845,133,Theft from the person,2,2,47.02703718401556
1846,133,Vehicle crime,1,1,470.34885647375376
1847,133,Violence and sexual offences,2,1,456.4225029674118
1848,134,Anti-social behaviour,2,1,634.9677413555952
1849,134,Bicycle theft,1,1,323.8205278891153
1850,134,Burglary,1,1,390.98305710012625
1851,134,Criminal damage and arson,1,1,462.17557612168315
1852,134,Drugs,1,1,385.860578834204
1853,134,Other crime,3,3,377.59025130087684
1854,134,Other theft,2,2,553.8507772028701
1855,134,Possession of weapons,2,2,237.41273632923358
1856,134,Public order,3,2,382.3037933274906
1857,134,Robbery,2,2,433.0039858313038
1858,134,Shoplifting,2,2,237.50658998922427
1859,134,Theft from the person,1,1,469.66763246657933
1860,134,Vehicle crime,1,1,467.62732169153884
1861,134,Violence and sexual offences,1,1,562.5326091123558
1862,135,Anti-social behaviour,1,1,682.1099452036406
1863,135,Bicycle theft,3,2,377.91413076074673
1864,135,Burglary,1,1,436.268118466409
1865,135,Criminal damage and arson,3,3,494.08487158443995
1866,135,Drugs,3,2,458.9590561444154
1867,135,Other crime,2,3,382.0828105814593
1868,135,Other theft,2,3,636.2048299725403
1869,135,Possession of weapons,1,1,302.2361879134053
1870,135,Public order,2,1,424.3255654539073
1871,135,Robbery,1,2,501.9378253278698
1872,135,Shoplifting,1,1,624.7529625671615
1873,135,Theft from the person,2,3,561.4321892085813
1874,135,Vehicle crime,1,1,584.8679668195183
1875,135,Violence and sexual offences,2,3,618.3900136012936
1876,136,Anti-social behaviour,1,1,605.5245642199687
1877,136,Bicycle theft,1,1,392.50659553687126
1878,136,Burglary,2,2,403.1394829624826
1879,136,Criminal damage and arson,3,2,471.69022655005506
1880,136,Drugs,1,2,395.1467910429593
1881,136,Other crime,2,2,384.48528885935303
1882,136,Other theft,1,1,586.8036162080433
1883,136,Possession of weapons,2,2,286.3527542777773
1884,136,Public order,1,2,413.28086640101384
1885,136,Robbery,1,1,456.3732553305571
1886,136,Shoplifting,3,2,389.48474301372215
1887,136,Theft from the person,1,1,542.6171473627746
1888,136,Vehicle crime,3,3,580.0501171792183
1889,136,Violence and sexual offences,1,1,596.3042216591284
1890,137,Anti-social behaviour,1,1,582.1058487834923
1891,137,Bicycle theft,3,3,387.90978875061086
1892,137,Burglary,2,2,396.07166985010934
1893,137,Criminal damage and arson,3,3,425.49457237958904
1894,137,Drugs,1,1,328.2850727387227
1895,137,Other crime,3,3,370.7507576231293
1896,137,Other theft,2,2,543.6976414246099
1897,137,Possession of weapons,3,3,235.78426381407272
1898,137,Public order,2,2,358.26382202776927
1899,137,Robbery,1,2,392.4069885418455
1900,137,Shoplifting,2,2,478.64586213656156
1901,137,Theft from the person,1,1,622.4446452450719
1902,137,Vehicle crime,1,3,538.7354172069163
1903,137,Violence and sexual offences,1,1,534.2716702312916
1904,138,Anti-social behaviour,1,1,743.6179944056511
1905,138,Bicycle theft,3,3,494.852491006153
1906,138,Burglary,2,3,523.2838202555896
1907,138,Criminal damage and arson,1,1,489.40776568926526
1908,138,Drugs,1,1,503.4742959858926
1909,138,Other crime,2,1,509.96841593721
1910,138,Other theft,2,2,675.4464489334396
1911,138,Possession of weapons,1,1,372.1244621454407
1912,138,Public order,1,2,555.8887037343736
1913,138,Robbery,1,1,496.7022784042881
1914,138,Shoplifting,2,3,710.6960003838569
1915,138,Theft from the person,1,1,669.2898781165552
1916,138,Vehicle crime,3,3,620.5299098128628
1917,138,Violence and sexual offences,1,2,641.2243575791512
1918,139,Anti-social behaviour,1,1,614.6493334821328
1919,139,Bicycle theft,1,1,299.3461331868609
1920,139,Burglary,1,1,454.52613060639516
1921,139,Criminal damage and arson,1,1,473.4843204459924
1922,139,Drugs,2,3,448.4488209768887
1923,139,Other crime,3,3,453.76406881369024
1924,139,Other theft,1,1,600.9554027196357
1925,139,Possession of weapons,3,2,259.800780481464
1926,139,Public order,2,3,429.97911312164376
1927,139,Robbery,1,3,396.34921202385067
1928,139,Shoplifting,1,1,537.7790826992626
1929,139,Theft from the person,1,1,478.74538688915135
1930,139,Vehicle crime,3,3,566.27371845146
1931,139,Violence and sexual offences,1,1,587.3955941066847
1932,140,Anti-social behaviour,3,3,530.9165056140647
1933,140,Bicycle theft,3,1,270.4645390574322
1934,140,Burglary,3,3,474.7129942899848
1935,140,Criminal damage and arson,1,1,466.44650180077946
1936,140,Drugs,1,1,344.81125845328114
1937,140,Other crime,1,1,335.81449829132373
1938,140,Other theft,1,3,428.86171582553
1939,140,Possession of weapons,2,2,148.42248101640763
1940,140,Public order,1,2,357.436757777398
1941,140,Robbery,3,2,371.9576567418223
1942,140,Shoplifting,3,2,257.6333132088284
1943,140,Theft from the person,1,1,230.4481218941361
1944,140,Vehicle crime,2,2,453.3984032857137
1945,140,Violence and sexual offences,1,1,556.9860334091682
